Model year,Make,Model,Vehicle class,Engine size (L),Cylinders,Transmission,Fuel type,City (L/100 km),Highway (L/100 km),Combined (L/100 km),Combined (mpg),CO2 emissions (g/km),CO2 rating,Smog rating
2020,Acura,ILX,Compact,2.4,4,AM8,Z,9.9,7.0,8.6,33,199,6,3
2020,Acura,MDX SH-AWD,Sport utility vehicle: Small,3.5,6,AS9,Z,12.3,9.2,10.9,26,254,4,3
2020,Acura,MDX SH-AWD A-SPEC,Sport utility vehicle: Small,3.5,6,AS9,Z,12.2,9.5,11.0,26,258,4,3
2020,Acura,MDX Hybrid AWD,Sport utility vehicle: Small,3.0,6,AM7,Z,9.1,9.0,9.0,31,210,5,3
2020,Acura,NSX,Two-seater,3.5,6,AM9,Z,11.1,10.8,11.0,26,261,4,3
2020,Acura,RDX AWD,Sport utility vehicle: Small,2.0,4,AS10,Z,11.0,8.6,9.9,29,232,5,6
2020,Acura,RDX AWD A-SPEC,Sport utility vehicle: Small,2.0,4,AS10,Z,11.3,9.1,10.3,27,241,5,6
2020,Acura,RLX Hybrid,Mid-size,3.5,6,AM7,Z,8.4,8.2,8.4,34,196,6,7
2020,Acura,TLX A-SPEC,Compact,2.4,4,AM8,Z,10.2,7.4,8.9,32,209,5,3
2020,Acura,TLX SH-AWD,Compact,3.5,6,AS9,Z,11.4,7.7,9.8,29,228,5,3
2020,Acura,TLX SH-AWD A-SPEC/Limited Edition,Compact,3.5,6,AS9,Z,12.0,8.2,10.3,27,240,5,3
2020,Alfa Romeo,4C Spider,Two-seater,1.8,4,AM6,Z,9.7,6.9,8.4,34,197,6,1
2020,Alfa Romeo,Giulia,Mid-size,2.0,4,A8,Z,10.0,7.2,8.7,32,205,6,3
2020,Alfa Romeo,Giulia AWD,Mid-size,2.0,4,A8,Z,10.5,7.7,9.2,31,217,5,3
2020,Alfa Romeo,Giulia Quadrifoglio,Mid-size,2.9,6,A8,Z,13.5,9.3,11.6,24,271,4,3
2020,Alfa Romeo,Stelvio,Sport utility vehicle: Small,2.0,4,A8,Z,10.3,8.1,9.3,30,218,5,3
2020,Alfa Romeo,Stelvio AWD,Sport utility vehicle: Small,2.0,4,A8,Z,10.8,8.3,9.6,29,226,5,3
2020,Alfa Romeo,Stelvio AWD Quadrifoglio,Sport utility vehicle: Small,2.9,6,A8,Z,13.9,10.3,12.3,23,288,3,3
2020,Aston Martin,DB11 V8,Minicompact,4.0,8,A8,Z,13.0,9.8,11.5,25,271,4,3
2020,Aston Martin,DB11 AMR,Minicompact,5.2,12,A8,Z,15.5,10.6,13.3,21,312,3,3
2020,Aston Martin,DBS Superleggera,Minicompact,5.2,12,A8,Z,16.4,10.7,13.8,20,324,3,3
2020,Aston Martin,Vantage V8,Two-seater,4.0,8,A8,Z,13.1,9.6,11.5,25,270,4,3
2020,Aston Martin,Vantage V8,Two-seater,4.0,8,M7,Z,16.7,11.2,14.2,20,333,3,3
2020,Audi,A3,Subcompact,2.0,4,AM7,X,8.8,6.5,7.8,36,182,7,7
2020,Audi,A3 quattro,Subcompact,2.0,4,AM7,X,10.8,8.0,9.5,30,224,5,7
2020,Audi,A3 Cabriolet quattro,Subcompact,2.0,4,AM7,X,10.8,8.0,9.5,30,224,5,7
2020,Audi,A4 quattro,Compact,2.0,4,AM7,Z,10.0,7.3,8.8,32,205,6,3
2020,Audi,A4 allroad quattro,Station wagon: Small,2.0,4,AM7,Z,10.0,7.4,8.8,32,206,6,3
2020,Audi,A5 quattro,Subcompact,2.0,4,AM7,Z,10.0,7.3,8.8,32,205,6,3
2020,Audi,A5 Cabriolet quattro,Subcompact,2.0,4,AM7,Z,10.0,7.4,8.8,32,206,6,3
2020,Audi,A5 Sportback quattro,Mid-size,2.0,4,AM7,Z,10.0,7.3,8.8,32,205,6,3
2020,Audi,A6 quattro ,Mid-size,2.0,4,AM7,Z,9.8,7.4,8.7,32,205,6,5
2020,Audi,A6 quattro ,Mid-size,3.0,6,AM7,Z,10.9,8.2,9.7,29,227,5,5
2020,Audi,A6 allroad ,Station wagon: Mid-size,3.0,6,AM7,Z,11.8,9.1,10.6,27,247,4,5
2020,Audi,A7 quattro,Mid-size,3.0,6,AM7,Z,10.9,8.2,9.7,29,227,5,5
2020,Audi,A8L ,Full-size,3.0,6,AS8,Z,13.5,8.9,11.5,25,267,4,5
2020,Audi,A8L ,Full-size,4.0,8,AS8,Z,15.4,10.4,13.2,21,308,3,3
2020,Audi,Q3 quattro,Sport utility vehicle: Small,2.0,4,AS8,X,12.3,8.6,10.6,27,248,4,7
2020,Audi,Q5,Sport utility vehicle: Small,2.0,4,AM7,Z,10.7,8.4,9.7,29,226,5,5
2020,Audi,Q7,Sport utility vehicle: Standard,2.0,4,AS8,Z,12.4,10.1,11.3,25,264,4,3
2020,Audi,Q7,Sport utility vehicle: Standard,3.0,6,AS8,Z,13.8,11.4,12.7,22,296,3,5
2020,Audi,Q8,Sport utility vehicle: Standard,3.0,6,AS8,Z,13.8,11.4,12.7,22,296,3,3
2020,Audi,R8 Coupe,Two-seater,5.2,10,AM7,Z,17.5,11.7,14.9,19,347,2,1
2020,Audi,R8 Spyder,Two-seater,5.2,10,AM7,Z,17.5,11.7,14.9,19,347,2,1
2020,Audi,RS 3,Subcompact,2.5,5,AM7,Z,12.1,8.4,10.4,27,243,5,3
2020,Audi,RS Q8,Sport utility vehicle: Standard,4.0,8,AS8,Z,18.0,12.3,15.4,18,360,2,3
2020,Audi,S3,Subcompact,2.0,4,AM7,Z,10.7,8.0,9.5,30,222,5,3
2020,Audi,S4,Compact,3.0,6,AS8,Z,11.8,8.9,10.5,27,245,5,5
2020,Audi,S5,Subcompact,3.0,6,AS8,Z,11.8,8.9,10.5,27,245,5,5
2020,Audi,S5 Cabriolet,Subcompact,3.0,6,AS8,Z,12.1,9.1,10.8,26,252,4,5
2020,Audi,S5 Sportback,Mid-size,3.0,6,AS8,Z,11.8,8.9,10.5,27,245,5,5
2020,Audi,S6,Mid-size,2.9,6,AS8,Z,12.9,8.5,10.9,26,255,4,5
2020,Audi,S7,Mid-size,2.9,6,AS8,Z,12.9,8.5,10.9,26,255,4,5
2020,Audi,S8,Full-size,4.0,8,AS8,Z,17.6,10.7,14.5,19,339,2,3
2020,Audi,SQ5,Sport utility vehicle: Small,3.0,6,AS8,Z,13.1,10.3,11.8,24,276,4,5
2020,Audi,SQ7,Sport utility vehicle: Standard,4.0,8,AS8,Z,16.0,11.0,13.7,21,321,3,3
2020,Audi,SQ8,Sport utility vehicle: Standard,4.0,8,AS8,Z,15.8,11.4,13.8,20,322,3,3
2020,Audi,TT Coupe quattro,Subcompact,2.0,4,AM7,X,10.3,7.7,9.1,31,213,5,7
2020,Audi,TT Roadster quattro,Two-seater,2.0,4,AM7,X,10.3,7.7,9.1,31,213,5,7
2020,Audi,TT RS,Subcompact,2.5,5,AM7,Z,12.1,8.2,10.3,27,241,5,3
2020,Audi,TTS Coupe,Subcompact,2.0,4,AM7,Z,10.4,8.2,9.4,30,220,5,3
2020,Bentley,Bentayga,Sport utility vehicle: Standard,4.0,8,AS8,Z,16.4,10.1,13.6,21,315,3,3
2020,Bentley,Bentayga,Sport utility vehicle: Standard,6.0,12,AS8,Z,20.0,13.8,17.2,16,401,1,3
2020,Bentley,Continental GT,Compact,4.0,8,AM8,Z,15.1,9.1,12.4,23,291,3,3
2020,Bentley,Continental GT,Compact,6.0,12,AM8,Z,19.0,11.6,15.7,18,364,2,3
2020,Bentley,Continental GT Convertible,Subcompact,4.0,8,AM8,Z,15.1,9.1,12.4,23,291,3,3
2020,Bentley,Continental GT Convertible,Subcompact,6.0,12,AM8,Z,19.2,12.2,16.0,18,373,2,3
2020,Bentley,Flying Spur,Mid-size,6.0,12,AM8,Z,19.2,12.2,16.0,18,373,2,3
2020,Bentley,Mulsanne,Mid-size,6.8,8,AS8,Z,24.5,14.4,20.0,14,465,1,1
2020,BMW,228i xDrive Gran Coupe,Compact,2.0,4,AS8,Z,10.2,7.2,8.8,32,205,6,7
2020,BMW,230i Cabriolet,Subcompact,2.0,4,AS8,Z,10.1,7.0,8.7,32,204,6,7
2020,BMW,230i xDrive Cabriolet,Subcompact,2.0,4,AS8,Z,10.9,7.5,9.4,30,219,5,7
2020,BMW,230i Coupe,Subcompact,2.0,4,AS8,Z,9.5,7.4,8.5,33,200,6,7
2020,BMW,230i Coupe,Subcompact,2.0,4,M6,Z,11.1,7.3,9.4,30,219,5,7
2020,BMW,230i xDrive Coupe,Subcompact,2.0,4,AS8,Z,10.9,7.5,9.4,30,219,5,7
2020,BMW,330i xDrive Sedan,Compact,2.0,4,AS8,Z,9.5,6.9,8.3,34,195,6,7
2020,BMW,430i xDrive Cabriolet,Subcompact,2.0,4,AS8,Z,10.6,7.3,9.1,31,213,5,7
2020,BMW,430i Coupe,Compact,2.0,4,AS8,Z,10.1,7.0,8.7,32,204,6,7
2020,BMW,430i xDrive Coupe,Compact,2.0,4,AS8,Z,10.9,7.5,9.4,30,219,5,7
2020,BMW,430i xDrive Gran Coupe,Compact,2.0,4,AS8,Z,10.9,7.5,9.4,30,219,5,7
2020,BMW,440i xDrive Cabriolet,Subcompact,3.0,6,AS8,Z,12.4,8.5,10.7,26,249,4,3
2020,BMW,440i Coupe,Compact,3.0,6,AS8,Z,11.4,8.1,9.9,29,231,5,3
2020,BMW,440i Coupe,Compact,3.0,6,M6,Z,12.8,8.8,11.0,26,256,4,3
2020,BMW,440i xDrive Coupe,Compact,3.0,6,AS8,Z,11.4,8.3,10.0,28,233,5,3
2020,BMW,440i xDrive Coupe,Compact,3.0,6,M6,Z,13.0,8.5,11.0,26,257,4,3
2020,BMW,440i xDrive Gran Coupe,Compact,3.0,6,AS8,Z,11.4,8.3,10.0,28,233,5,3
2020,BMW,530i xDrive Sedan,Mid-size,2.0,4,AS8,Z,9.9,7.5,8.8,32,206,6,7
2020,BMW,540i xDrive Sedan,Mid-size,3.0,6,AS8,Z,10.7,8.1,9.5,30,222,5,5
2020,BMW,750i xDrive Sedan,Full-size,4.4,8,AS8,Z,14.5,9.9,12.4,23,290,3,3
2020,BMW,750Li xDrive Sedan,Full-size,4.4,8,AS8,Z,14.5,9.9,12.4,23,290,3,3
2020,BMW,Alpina B7 xDrive,Full-size,4.4,8,AS8,Z,14.5,9.9,12.4,23,290,3,3
2020,BMW,M2 Competition,Subcompact,3.0,6,AM7,Z,14.1,10.3,12.4,23,290,3,3
2020,BMW,M2 Competition,Subcompact,3.0,6,M6,Z,13.4,9.6,11.7,24,273,4,3
2020,BMW,M2 CS,Subcompact,3.0,6,AM7,Z,14.1,10.3,12.4,23,290,3,3
2020,BMW,M2 CS,Subcompact,3.0,6,M6,Z,13.4,9.6,11.7,24,273,4,3
2020,BMW,M235i xDrive Gran Coupe,Compact,2.0,4,AS8,Z,10.3,7.3,9.0,31,208,6,3
2020,BMW,M240i Cabriolet,Subcompact,3.0,6,AS8,Z,11.4,8.1,9.9,29,231,5,3
2020,BMW,M240i Cabriolet,Subcompact,3.0,6,M6,Z,12.7,8.8,10.9,26,255,4,3
2020,BMW,M240i xDrive Cabriolet,Subcompact,3.0,6,AS8,Z,11.4,8.3,10.0,28,233,5,3
2020,BMW,M240i Coupe,Subcompact,3.0,6,AS8,Z,11.4,8.1,9.9,29,231,5,3
2020,BMW,M240i Coupe,Subcompact,3.0,6,M6,Z,12.7,8.8,10.9,26,255,4,3
2020,BMW,M240i xDrive Coupe,Subcompact,3.0,6,AS8,Z,11.4,8.3,10.0,28,233,5,3
2020,BMW,M240i Coupe M Performance,Subcompact,3.0,6,AS8,Z,11.4,8.1,9.9,29,231,5,3
2020,BMW,M240i Coupe M Performance,Subcompact,3.0,6,M6,Z,12.7,8.8,10.9,26,255,4,3
2020,BMW,M240i xDrive Coupe M Performance,Subcompact,3.0,6,AS8,Z,11.4,8.3,10.0,28,233,5,3
2020,BMW,M340i xDrive Sedan,Compact,3.0,6,AS8,Z,11.4,8.3,10.0,28,233,5,5
2020,BMW,M4 Cabriolet,Subcompact,3.0,6,AM7,Z,14.5,10.5,12.7,22,299,3,3
2020,BMW,M4 Cabriolet,Subcompact,3.0,6,M6,Z,13.8,9.4,11.9,24,280,4,3
2020,BMW,M4 Cabriolet Competition,Subcompact,3.0,6,AM7,Z,14.5,10.5,12.7,22,299,3,3
2020,BMW,M4 Cabriolet Competition,Subcompact,3.0,6,M6,Z,13.8,9.4,11.9,24,280,4,3
2020,BMW,M4 Coupe,Compact,3.0,6,AM7,Z,14.1,10.3,12.4,23,290,3,3
2020,BMW,M4 Coupe,Compact,3.0,6,M6,Z,13.4,9.6,11.7,24,273,4,3
2020,BMW,M4 Coupe Competition,Compact,3.0,6,AM7,Z,14.1,10.3,12.4,23,290,3,3
2020,BMW,M4 Coupe Competition,Compact,3.0,6,M6,Z,13.4,9.6,11.7,24,273,4,3
2020,BMW,M4 CS,Compact,3.0,6,AM7,Z,14.1,10.3,12.4,23,290,3,3
2020,BMW,M5 Sedan,Mid-size,4.4,8,AS8,Z,16.0,11.0,13.8,20,322,3,3
2020,BMW,M5 Competition,Mid-size,4.4,8,AS8,Z,16.0,11.0,13.8,20,322,3,3
2020,BMW,M550i xDrive Sedan,Mid-size,4.4,8,AS8,Z,13.6,9.3,11.7,24,273,4,3
2020,BMW,M760i xDrive Sedan,Full-size,6.6,12,AS8,Z,17.8,11.9,15.1,19,354,2,3
2020,BMW,M8 Cabriolet,Subcompact,4.4,8,AS8,Z,16.0,11.0,13.8,20,322,3,3
2020,BMW,M8 Cabriolet Competition,Subcompact,4.4,8,AS8,Z,16.0,11.0,13.8,20,322,3,3
2020,BMW,M8 Coupe,Subcompact,4.4,8,AS8,Z,16.0,11.0,13.8,20,322,3,3
2020,BMW,M8 Coupe Competition,Subcompact,4.4,8,AS8,Z,16.0,11.0,13.8,20,322,3,3
2020,BMW,M8 Gran Coupe,Mid-size,4.4,8,AS8,Z,16.0,11.0,13.8,20,322,3,3
2020,BMW,M8 Gran Coupe Competition,Mid-size,4.4,8,AS8,Z,16.0,11.0,13.8,20,322,3,3
2020,BMW,M850i xDrive Cabriolet,Subcompact,4.4,8,AS8,Z,14.5,9.9,12.4,23,290,3,3
2020,BMW,M850i xDrive Coupe,Subcompact,4.4,8,AS8,Z,13.6,9.3,11.7,24,273,4,3
2020,BMW,M850i xDrive Gran Coupe,Mid-size,4.4,8,AS8,Z,14.5,9.9,12.4,23,290,3,3
2020,BMW,X1 xDrive28i,Sport utility vehicle: Small,2.0,4,AS8,Z,10.3,7.7,9.1,31,213,5,7
2020,BMW,X2 xDrive28i,Sport utility vehicle: Small,2.0,4,AS8,Z,9.9,7.6,8.8,32,207,6,7
2020,BMW,X2 M35i,Sport utility vehicle: Small,2.0,4,AS8,Z,10.0,7.8,9.0,31,210,5,3
2020,BMW,X3 xDrive30i,Sport utility vehicle: Small,2.0,4,AS8,Z,10.0,8.2,9.2,31,215,5,7
2020,BMW,X3 M,Sport utility vehicle: Small,3.0,6,AS8,Z,16.6,12.1,14.6,19,339,2,3
2020,BMW,X3 M Competition,Sport utility vehicle: Small,3.0,6,AS8,Z,16.6,12.1,14.6,19,339,2,3
2020,BMW,X3 M40i,Sport utility vehicle: Small,3.0,6,AS8,Z,11.3,8.7,10.1,28,235,5,5
2020,BMW,X4 xDrive30i,Sport utility vehicle: Small,2.0,4,AS8,Z,10.0,8.2,9.2,31,215,5,7
2020,BMW,X4 M,Sport utility vehicle: Small,3.0,6,AS8,Z,16.6,12.1,14.6,19,339,2,3
2020,BMW,X4 M Competition,Sport utility vehicle: Small,3.0,6,AS8,Z,16.6,12.1,14.6,19,339,2,3
2020,BMW,X4 M40i,Sport utility vehicle: Small,3.0,6,AS8,Z,11.3,8.7,10.1,28,235,5,5
2020,BMW,X5 xDrive40i,Sport utility vehicle: Standard,3.0,6,AS8,Z,11.7,9.1,10.5,27,245,5,3
2020,BMW,X5 xDrive50i,Sport utility vehicle: Standard,4.4,8,AS8,Z,14.5,10.7,12.8,22,302,3,3
2020,BMW,X5 M,Sport utility vehicle: Standard,4.4,8,AS8,Z,17.8,12.9,15.6,18,362,2,3
2020,BMW,X5 M Competition,Sport utility vehicle: Standard,4.4,8,AS8,Z,17.8,12.9,15.6,18,362,2,3
2020,BMW,X5 M50i,Sport utility vehicle: Standard,4.4,8,AS8,Z,14.5,10.7,12.8,22,302,3,3
2020,BMW,X6 xDrive40i,Sport utility vehicle: Standard,3.0,6,AS8,Z,11.7,9.1,10.5,27,245,5,3
2020,BMW,X6 M,Sport utility vehicle: Standard,4.4,8,AS8,Z,17.8,12.9,15.6,18,362,2,3
2020,BMW,X6 M Competition,Sport utility vehicle: Standard,4.4,8,AS8,Z,17.8,12.9,15.6,18,362,2,3
2020,BMW,X6 M50i,Sport utility vehicle: Standard,4.4,8,AS8,Z,14.5,10.7,12.8,22,302,3,3
2020,BMW,X7 xDrive40i,Sport utility vehicle: Standard,3.0,6,AS8,Z,12.0,9.4,10.8,26,254,4,3
2020,BMW,X7 xDrive50i,Sport utility vehicle: Standard,4.4,8,AS8,Z,15.5,11.4,13.6,21,318,3,3
2020,BMW,X7 M50i,Sport utility vehicle: Standard,4.4,8,AS8,Z,15.5,11.4,13.6,21,318,3,3
2020,BMW,Z4 sDrive30i,Two-seater,2.0,4,AS8,Z,9.5,7.4,8.5,33,200,6,7
2020,BMW,Z4 M40i,Two-seater,3.0,6,AS8,Z,10.3,8.0,9.3,30,216,5,5
2020,Bugatti,Chiron,Two-seater,8.0,16,AM7,Z,26.8,16.6,22.2,13,522,1,1
2020,Bugatti,Divo,Two-seater,8.0,16,AM7,Z,27.2,18.0,23.0,12,537,1,1
2020,Buick,Enclave,Sport utility vehicle: Standard,3.6,6,A9,X,13.0,9.1,11.2,25,263,4,6
2020,Buick,Enclave AWD,Sport utility vehicle: Standard,3.6,6,A9,X,13.6,9.6,11.8,24,277,4,6
2020,Buick,Encore,Sport utility vehicle: Small,1.4,4,AS6,X,9.4,7.8,8.7,32,204,6,5
2020,Buick,Encore AWD,Sport utility vehicle: Small,1.4,4,AS6,X,10.0,8.0,9.1,31,214,5,5
2020,Buick,Encore GX,Sport utility vehicle: Small,1.2,3,AV,X,9.0,7.7,8.4,34,198,6,7
2020,Buick,Encore GX AWD,Sport utility vehicle: Small,1.3,3,A9,X,9.0,8.0,8.5,33,199,6,7
2020,Buick,Envision AWD,Sport utility vehicle: Small,2.0,4,A9,Z,11.7,9.4,10.7,26,250,4,5
2020,Buick,Envision AWD,Sport utility vehicle: Small,2.5,4,A6,X,11.1,8.6,10.0,28,234,5,5
2020,Buick,Regal,Mid-size,2.0,4,AS9,Z,10.3,7.4,9.0,31,211,5,5
2020,Buick,Regal AWD,Mid-size,2.0,4,AS8,Z,11.0,8.0,9.6,29,227,5,5
2020,Buick,Regal AWD,Mid-size,3.6,6,AS9,X,12.5,8.8,10.9,26,255,4,6
2020,Cadillac,CT4,Compact,2.0,4,AS8,Z,10.1,6.8,8.7,32,203,6,6
2020,Cadillac,CT4,Compact,2.7,4,AS10,Z,11.5,8.0,9.9,29,232,5,6
2020,Cadillac,CT4 AWD,Compact,2.0,4,AS8,Z,10.4,7.4,9.1,31,213,5,6
2020,Cadillac,CT4 AWD,Compact,2.7,4,AS10,Z,11.7,8.4,10.2,28,238,5,6
2020,Cadillac,CT4-V,Compact,2.7,4,AS10,Z,11.5,8.2,10.0,28,234,5,6
2020,Cadillac,CT4-V AWD,Compact,2.7,4,AS10,Z,11.7,8.4,10.2,28,238,5,6
2020,Cadillac,CT5,Mid-size,2.0,4,AS10,Z,10.4,7.3,9.0,31,209,5,6
2020,Cadillac,CT5,Mid-size,3.0,6,AS10,Z,12.6,9.1,11.0,26,256,4,5
2020,Cadillac,CT5 AWD,Mid-size,2.0,4,AS10,Z,11.0,7.7,9.5,30,221,5,6
2020,Cadillac,CT5 AWD,Mid-size,3.0,6,AS10,Z,13.3,9.3,11.5,25,268,4,5
2020,Cadillac,CT5-V,Mid-size,3.0,6,AS10,Z,13.1,9.1,11.3,25,263,4,5
2020,Cadillac,CT5-V AWD,Mid-size,3.0,6,AS10,Z,13.8,9.4,11.8,24,276,4,5
2020,Cadillac,CT6 AWD,Full-size,3.6,6,AS10,X,12.9,8.7,11.0,26,259,4,5
2020,Cadillac,CT6 AWD,Full-size,4.2,8,AS10,Z,17.3,9.5,13.8,20,324,3,3
2020,Cadillac,Escalade 4WD,Sport utility vehicle: Standard,6.2,8,A10,Z,16.7,11.1,14.2,20,333,3,3
2020,Cadillac,XT4,Sport utility vehicle: Small,2.0,4,AS9,Z,9.8,7.8,8.9,32,209,5,6
2020,Cadillac,XT4 AWD,Sport utility vehicle: Small,2.0,4,AS9,Z,10.9,8.2,9.7,29,227,5,6
2020,Cadillac,XT5,Sport utility vehicle: Small,2.0,4,AS9,Z,11.0,8.3,9.8,29,227,5,6
2020,Cadillac,XT5 AWD,Sport utility vehicle: Small,2.0,4,AS9,Z,11.2,8.9,10.1,28,235,5,6
2020,Cadillac,XT5 AWD,Sport utility vehicle: Small,3.6,6,AS9,X,13.4,9.4,11.6,24,270,4,6
2020,Cadillac,XT6 AWD,Sport utility vehicle: Small,3.6,6,AS9,X,13.5,9.7,11.8,24,277,4,6
2020,Chevrolet,Blazer,Sport utility vehicle: Small,2.0,4,A9,X,11.0,8.3,9.8,29,225,5,6
2020,Chevrolet,Blazer,Sport utility vehicle: Small,2.5,4,A9,X,11.3,8.9,10.2,28,238,5,5
2020,Chevrolet,Blazer AWD,Sport utility vehicle: Small,2.0,4,A9,X,11.3,8.7,10.1,28,232,5,6
2020,Chevrolet,Blazer AWD,Sport utility vehicle: Small,3.6,6,A9,X,13.1,9.4,11.4,25,269,4,6
2020,Chevrolet,Camaro,Subcompact,2.0,4,AS8,Z,10.9,7.6,9.4,30,219,5,5
2020,Chevrolet,Camaro,Subcompact,2.0,4,M6,Z,11.9,7.9,10.1,28,235,5,5
2020,Chevrolet,Camaro,Subcompact,3.6,6,AS10,X,12.5,8.1,10.5,27,247,4,6
2020,Chevrolet,Camaro,Subcompact,3.6,6,M6,X,14.3,9.0,11.9,24,280,4,6
2020,Chevrolet,Camaro SS,Subcompact,6.2,8,AS10,Z,14.6,8.9,12.1,23,282,4,1
2020,Chevrolet,Camaro SS,Subcompact,6.2,8,M6,Z,14.9,9.9,12.6,22,296,3,1
2020,Chevrolet,Camaro ZL1,Subcompact,6.2,8,AS10,Z,18.3,11.2,15.1,19,355,2,1
2020,Chevrolet,Camaro ZL1,Subcompact,6.2,8,M6,Z,17.2,12.0,14.8,19,349,2,1
2020,Chevrolet,Colorado,Pickup truck: Small,2.5,4,A6,X,12.1,9.2,10.8,26,252,4,5
2020,Chevrolet,Colorado,Pickup truck: Small,2.8,4,A6,D,11.8,7.9,10.1,28,270,4,3
2020,Chevrolet,Colorado,Pickup truck: Small,3.6,6,A8,X,13.4,9.6,11.7,24,273,4,5
2020,Chevrolet,Colorado 4WD,Pickup truck: Small,2.5,4,A6,X,12.6,9.7,11.3,25,265,4,5
2020,Chevrolet,Colorado 4WD,Pickup truck: Small,2.8,4,A6,D,12.3,8.5,10.6,27,284,3,3
2020,Chevrolet,Colorado 4WD,Pickup truck: Small,3.6,6,A8,X,14.0,9.9,12.2,23,286,3,5
2020,Chevrolet,Colorado ZR2 4WD,Pickup truck: Small,2.8,4,A6,D,13.3,10.6,12.1,23,326,3,3
2020,Chevrolet,Colorado ZR2 4WD,Pickup truck: Small,3.6,6,A8,X,15.0,13.0,14.1,20,331,3,5
2020,Chevrolet,Corvette,Two-seater,6.2,8,AS8,Z,15.4,8.7,12.4,23,290,3,3
2020,Chevrolet,Equinox,Sport utility vehicle: Small,1.5,4,A6,X,8.9,7.7,8.4,34,196,6,7
2020,Chevrolet,Equinox AWD,Sport utility vehicle: Small,1.5,4,A6,X,9.3,8.0,8.7,32,204,6,7
2020,Chevrolet,Equinox AWD,Sport utility vehicle: Small,2.0,4,A9,Z,10.9,8.3,9.7,29,228,5,5
2020,Chevrolet,Impala,Full-size,3.6,6,AS6,X,12.8,8.5,10.9,26,255,4,5
2020,Chevrolet,Impala,Full-size,3.6,6,AS6,E,17.2,11.6,14.7,19,246,4,5
2020,Chevrolet,Malibu,Mid-size,1.5,4,AV,X,8.2,6.6,7.5,38,189,6,6
2020,Chevrolet,Malibu,Mid-size,2.0,4,A9,Z,10.5,7.4,9.1,31,214,5,5
2020,Chevrolet,Silverado,Pickup truck: Standard,2.7,4,A8,X,11.9,10.3,11.1,25,262,4,6
2020,Chevrolet,Silverado WT,Pickup truck: Standard,2.7,4,A8,X,12.5,10.8,11.7,24,275,4,6
2020,Chevrolet,Silverado,Pickup truck: Standard,3.0,6,A10,D,10.2,7.2,8.9,32,238,5,1
2020,Chevrolet,Silverado,Pickup truck: Standard,4.3,6,A6,X,15.1,11.5,13.5,21,318,3,6
2020,Chevrolet,Silverado,Pickup truck: Standard,5.3,8,A6,X,15.9,11.4,13.9,20,326,3,5
2020,Chevrolet,Silverado FFV,Pickup truck: Standard,5.3,8,A6,X,16.0,12.6,14.4,20,339,2,3
2020,Chevrolet,Silverado FFV,Pickup truck: Standard,5.3,8,A6,E,22.2,16.2,19.5,14,326,3,3
2020,Chevrolet,Silverado,Pickup truck: Standard,5.3,8,A8,X,13.9,10.1,12.2,23,286,3,5
2020,Chevrolet,Silverado 4WD,Pickup truck: Standard,2.7,4,A8,X,12.5,10.8,11.7,24,275,4,6
2020,Chevrolet,Silverado WT 4WD,Pickup truck: Standard,2.7,4,A8,X,12.7,11.0,12.0,24,280,4,6
2020,Chevrolet,Silverado 4WD,Pickup truck: Standard,3.0,6,A10,D,10.4,8.0,9.4,30,252,4,1
2020,Chevrolet,Silverado 4WD,Pickup truck: Standard,4.3,6,A6,X,15.7,12.0,14.1,20,331,3,6
2020,Chevrolet,Silverado 4WD Custom Trail Boss,Pickup truck: Standard,4.3,6,A6,X,16.3,12.9,14.8,19,349,2,6
2020,Chevrolet,Silverado 4WD,Pickup truck: Standard,5.3,8,A6,X,15.9,11.8,14.1,20,331,3,5
2020,Chevrolet,Silverado 4WD FFV,Pickup truck: Standard,5.3,8,A6,X,16.6,13.0,15.0,19,350,2,3
2020,Chevrolet,Silverado 4WD FFV,Pickup truck: Standard,5.3,8,A6,E,22.3,18.1,20.5,14,342,2,3
2020,Chevrolet,Silverado 4WD Custom Trail Boss,Pickup truck: Standard,5.3,8,A6,X,16.7,13.1,15.1,19,354,2,5
2020,Chevrolet,Silverado 4WD,Pickup truck: Standard,5.3,8,A8,X,14.7,10.7,12.9,22,303,3,5
2020,Chevrolet,Silverado 4WD,Pickup truck: Standard,5.3,8,A10,X,14.3,10.6,12.6,22,296,3,5
2020,Chevrolet,Silverado 4WD LT Trail Boss,Pickup truck: Standard,5.3,8,A10,X,14.7,11.2,13.1,22,307,3,5
2020,Chevrolet,Silverado 4WD,Pickup truck: Standard,6.2,8,A10,Z,15.0,12.0,13.7,21,321,3,3
2020,Chevrolet,Silverado 4WD Custom Trail Boss,Pickup truck: Standard,6.2,8,A10,Z,16.8,13.3,15.2,19,357,2,3
2020,Chevrolet,Silverado 4WD LT Trail Boss,Pickup truck: Standard,6.2,8,A10,Z,15.7,12.4,14.2,20,332,3,3
2020,Chevrolet,Spark,Subcompact,1.4,4,AV,X,7.9,6.2,7.1,40,167,7,5
2020,Chevrolet,Spark,Subcompact,1.4,4,M5,X,8.0,6.2,7.2,39,170,7,5
2020,Chevrolet,Suburban,Sport utility vehicle: Standard,5.3,8,A6,X,15.7,10.5,13.4,21,314,3,3
2020,Chevrolet,Suburban FFV,Sport utility vehicle: Standard,5.3,8,A6,X,15.7,10.5,13.4,21,314,3,3
2020,Chevrolet,Suburban FFV,Sport utility vehicle: Standard,5.3,8,A6,E,21.2,13.9,17.9,16,298,3,3
2020,Chevrolet,Suburban 4WD,Sport utility vehicle: Standard,5.3,8,A6,X,16.8,11.3,14.4,20,337,2,3
2020,Chevrolet,Suburban 4WD FFV,Sport utility vehicle: Standard,5.3,8,A6,X,16.8,11.3,14.4,20,337,2,3
2020,Chevrolet,Suburban 4WD FFV,Sport utility vehicle: Standard,5.3,8,A6,E,22.2,15.3,19.1,15,319,3,3
2020,Chevrolet,Suburban 4WD,Sport utility vehicle: Standard,6.2,8,A10,Z,17.2,11.4,14.6,19,343,2,3
2020,Chevrolet,Tahoe,Sport utility vehicle: Standard,5.3,8,A6,X,15.7,10.5,13.4,21,314,3,3
2020,Chevrolet,Tahoe FFV,Sport utility vehicle: Standard,5.3,8,A6,X,15.7,10.5,13.4,21,314,3,3
2020,Chevrolet,Tahoe FFV,Sport utility vehicle: Standard,5.3,8,A6,E,21.2,13.9,17.9,16,298,3,3
2020,Chevrolet,Tahoe 4WD,Sport utility vehicle: Standard,5.3,8,A6,X,16.0,11.2,13.8,20,325,3,3
2020,Chevrolet,Tahoe 4WD FFV,Sport utility vehicle: Standard,5.3,8,A6,X,16.0,11.2,13.8,20,325,3,3
2020,Chevrolet,Tahoe 4WD FFV,Sport utility vehicle: Standard,5.3,8,A6,E,21.7,14.3,18.4,15,305,3,3
2020,Chevrolet,Tahoe 4WD,Sport utility vehicle: Standard,6.2,8,A10,Z,16.5,10.9,13.9,20,327,3,3
2020,Chevrolet,Traverse,Sport utility vehicle: Standard,3.6,6,A9,X,13.0,8.8,11.1,25,261,4,6
2020,Chevrolet,Traverse AWD,Sport utility vehicle: Standard,3.6,6,A9,X,13.6,9.6,11.8,24,276,4,6
2020,Chevrolet,Trax,Sport utility vehicle: Small,1.4,4,AS6,X,9.1,7.6,8.4,34,196,6,5
2020,Chevrolet,Trax AWD,Sport utility vehicle: Small,1.4,4,AS6,X,10.0,8.0,9.1,31,214,5,5
2020,Chrysler,300,Full-size,3.6,6,A8,X,12.4,7.8,10.3,27,242,5,3
2020,Chrysler,300,Full-size,5.7,8,A8,X,14.7,9.4,12.3,23,289,3,3
2020,Chrysler,300 AWD,Full-size,3.6,6,A8,X,12.8,8.7,11.0,26,258,4,3
2020,Chrysler,Pacifica (Stop-Start),Minivan,3.6,6,A9,X,12.4,8.4,10.6,27,249,4,7
2020,Chrysler,Pacifica AWD (Stop-Start),Minivan,3.6,6,A9,X,13.9,9.2,11.8,24,276,4,7
2020,Chrysler,Voyager (Stop-Start),Minivan,3.6,6,A9,X,12.4,8.4,10.6,27,249,4,7
2020,Dodge,Challenger,Mid-size,3.6,6,A8,X,12.4,7.8,10.3,27,242,5,3
2020,Dodge,Challenger (MDS),Mid-size,5.7,8,A8,X,14.7,9.4,12.3,23,289,3,3
2020,Dodge,Challenger,Mid-size,5.7,8,M6,Z,15.6,10.1,13.1,22,307,3,1
2020,Dodge,Challenger (MDS),Mid-size,6.4,8,A8,Z,15.8,9.6,13.0,22,305,3,1
2020,Dodge,Challenger,Mid-size,6.4,8,M6,Z,16.7,10.4,13.9,20,325,3,1
2020,Dodge,Challenger AWD,Mid-size,3.6,6,A8,X,12.8,8.7,11.0,26,258,4,3
2020,Dodge,Challenger Widebody (MDS),Mid-size,6.4,8,A8,Z,15.8,9.6,13.0,22,305,3,1
2020,Dodge,Challenger Widebody (MDS),Mid-size,6.4,8,M6,Z,16.7,10.4,13.9,20,325,3,1
2020,Dodge,Challenger SRT Hellcat,Mid-size,6.2,8,A8,Z,17.6,10.7,14.5,19,339,2,1
2020,Dodge,Challenger SRT Hellcat,Mid-size,6.2,8,M6,Z,18.1,11.4,15.1,19,352,2,1
2020,Dodge,Challenger SRT Hellcat Widebody,Mid-size,6.2,8,A8,Z,18.6,11.2,15.3,18,358,2,1
2020,Dodge,Challenger SRT Hellcat Widebody,Mid-size,6.2,8,M6,Z,18.1,11.4,15.1,19,352,2,1
2020,Dodge,Charger,Full-size,3.6,6,A5,X,13.7,9.0,11.6,24,271,4,3
2020,Dodge,Charger,Full-size,3.6,6,A8,X,12.4,7.8,10.3,27,242,5,3
2020,Dodge,Charger (MDS),Full-size,5.7,8,A8,X,14.7,9.4,12.3,23,289,3,3
2020,Dodge,Charger (MDS),Full-size,6.4,8,A8,Z,15.8,9.6,13.0,22,305,3,1
2020,Dodge,Charger AWD,Full-size,3.6,6,A8,X,12.8,8.7,11.0,26,258,4,3
2020,Dodge,Charger Widebody (MDS),Full-size,6.4,8,A8,Z,15.8,9.6,13.0,22,305,3,1
2020,Dodge,Charger SRT Hellcat Widebody,Full-size,6.2,8,A8,Z,19.0,11.5,15.6,18,368,2,1
2020,Dodge,Durango AWD,Sport utility vehicle: Standard,3.6,6,A8,X,12.7,9.6,11.3,25,265,4,7
2020,Dodge,Durango AWD,Sport utility vehicle: Standard,5.7,8,A8,X,16.7,10.9,14.1,20,331,3,3
2020,Dodge,Durango AWD SRT,Sport utility vehicle: Standard,6.4,8,A8,Z,18.3,12.2,15.6,18,363,2,1
2020,Dodge,Grand Caravan,Minivan,3.6,6,A6,X,13.7,9.4,11.8,24,276,4,5
2020,Dodge,Journey,Sport utility vehicle: Small,2.4,4,A4,X,12.7,9.2,11.1,25,261,4,3
2020,FIAT,124 Spider,Two-seater,1.4,4,A6,X,9.3,6.5,8.0,35,187,6,3
2020,FIAT,124 Spider,Two-seater,1.4,4,M6,X,9.0,6.7,7.9,36,185,7,3
2020,FIAT,500L,Station wagon: Small,1.4,4,A6,X,10.7,7.9,9.4,30,221,5,3
2020,FIAT,500X AWD,Sport utility vehicle: Small,1.3,4,A9,X,10.0,7.9,9.1,31,213,5,6
2020,Ford,EcoSport,Sport utility vehicle: Small,1.0,3,AS6,X,8.6,8.1,8.4,34,197,6,5
2020,Ford,EcoSport AWD,Sport utility vehicle: Small,2.0,4,AS6,X,10.2,8.1,9.2,31,216,5,5
2020,Ford,Edge,Sport utility vehicle: Small,2.0,4,A8,X,11.2,8.1,9.8,29,229,5,5
2020,Ford,Edge AWD,Sport utility vehicle: Small,2.0,4,A8,X,11.4,8.3,10.0,28,233,5,5
2020,Ford,Edge AWD,Sport utility vehicle: Small,2.0,4,AS8,X,11.4,8.3,10.0,28,233,5,5
2020,Ford,Edge AWD,Sport utility vehicle: Small,2.7,6,AS8,X,12.5,9.2,11.0,26,258,4,5
2020,Ford,Escape,Sport utility vehicle: Small,1.5,3,A8,X,8.6,7.1,7.9,36,185,7,7
2020,Ford,Escape AWD,Sport utility vehicle: Small,1.5,3,A8,X,8.9,7.6,8.3,34,196,6,7
2020,Ford,Escape AWD,Sport utility vehicle: Small,2.0,4,AS8,X,10.4,7.5,9.1,31,213,5,5
2020,Ford,Escape Hybrid,Sport utility vehicle: Small,2.5,4,AV,X,5.4,6.3,5.8,49,136,9,7
2020,Ford,Escape Hybrid AWD,Sport utility vehicle: Small,2.5,4,AV,X,5.5,6.4,5.9,48,139,9,7
2020,Ford,Expedition 4X4,Sport utility vehicle: Standard,3.5,6,AS10,X,14.1,10.6,12.5,23,294,3,5
2020,Ford,Expedition MAX 4X4,Sport utility vehicle: Standard,3.5,6,AS10,X,14.7,11.2,13.1,22,308,3,5
2020,Ford,Explorer AWD,Sport utility vehicle: Standard,2.3,4,AS10,X,11.6,8.7,10.3,27,241,5,5
2020,Ford,Explorer AWD,Sport utility vehicle: Standard,3.0,6,AS10,X,13.3,9.8,11.8,24,278,4,5
2020,Ford,Explorer Hybrid AWD,Sport utility vehicle: Standard,3.3,6,AS10,X,10.1,9.0,9.6,29,225,5,5
2020,Ford,F-150,Pickup truck: Standard,2.7,6,AS10,X,12.0,8.9,10.6,27,249,4,5
2020,Ford,F-150,Pickup truck: Standard,3.0,6,AS10,D,11.1,8.3,9.8,29,264,4,1
2020,Ford,F-150 (LT Tire Pkg),Pickup truck: Standard,3.0,6,AS10,D,11.1,8.3,9.8,29,264,4,1
2020,Ford,F-150 FFV,Pickup truck: Standard,3.3,6,AS6,X,12.1,9.3,10.8,26,254,4,5
2020,Ford,F-150 FFV,Pickup truck: Standard,3.3,6,AS6,E,16.6,12.6,14.8,19,245,5,5
2020,Ford,F-150,Pickup truck: Standard,3.5,6,AS10,X,14.3,10.7,12.7,22,298,3,5
2020,Ford,F-150 FFV,Pickup truck: Standard,5.0,8,AS10,X,14.3,10.6,12.6,22,297,3,3
2020,Ford,F-150 FFV,Pickup truck: Standard,5.0,8,AS10,E,20.0,14.8,17.6,16,293,3,3
2020,Ford,F-150 FFV (LT Tire Pkg),Pickup truck: Standard,5.0,8,AS10,X,14.4,11.2,13.0,22,305,3,3
2020,Ford,F-150 FFV (LT Tire Pkg),Pickup truck: Standard,5.0,8,AS10,E,20.0,14.9,17.7,16,294,3,3
2020,Ford,F-150 FFV (Payload Pkg),Pickup truck: Standard,5.0,8,AS10,X,15.1,11.8,13.6,21,319,3,3
2020,Ford,F-150 FFV (Payload Pkg),Pickup truck: Standard,5.0,8,AS10,E,19.9,15.8,18.0,16,300,3,3
2020,Ford,F-150 4X4,Pickup truck: Standard,2.7,6,AS10,X,13.1,10.2,11.8,24,277,4,5
2020,Ford,F-150 4X4,Pickup truck: Standard,3.0,6,AS10,D,11.9,9.4,10.8,26,290,3,1
2020,Ford,F-150 4X4 XL/XLT,Pickup truck: Standard,3.0,6,AS10,D,11.3,8.5,10.0,28,270,4,1
2020,Ford,F-150 FFV 4X4,Pickup truck: Standard,3.3,6,AS6,X,12.9,10.2,11.7,24,274,4,5
2020,Ford,F-150 FFV 4X4,Pickup truck: Standard,3.3,6,AS6,E,17.6,13.8,15.9,18,265,4,5
2020,Ford,F-150 4X4,Pickup truck: Standard,3.5,6,AS10,X,14.6,10.9,13.0,22,304,3,5
2020,Ford,F-150 4X4 Limited,Pickup truck: Standard,3.5,6,AS10,X,13.8,11.2,12.6,22,296,3,5
2020,Ford,F-150 FFV 4X4,Pickup truck: Standard,5.0,8,AS10,X,15.1,11.6,13.5,21,317,3,3
2020,Ford,F-150 FFV 4X4,Pickup truck: Standard,5.0,8,AS10,E,20.3,14.7,17.8,16,296,3,3
2020,Ford,F-150 Raptor 4X4,Pickup truck: Standard,3.5,6,AS10,X,15.3,13.1,14.3,20,336,2,5
2020,Ford,Fusion,Mid-size,1.5,4,AS6,X,10.0,7.0,8.7,32,203,6,7
2020,Ford,Fusion Hybrid,Mid-size,2.0,4,AV,X,5.5,5.7,5.6,50,131,9,7
2020,Ford,GT,Two-seater,3.5,6,AM7,Z,19.8,12.8,16.6,17,393,1,3
2020,Ford,Mustang,Subcompact,2.3,4,AS10,X,11.2,7.3,9.4,30,221,5,5
2020,Ford,Mustang (Performance Pkg),Subcompact,2.3,4,AS10,X,11.8,8.4,10.3,27,242,5,5
2020,Ford,Mustang,Subcompact,2.3,4,M6,X,11.2,7.9,9.7,29,226,5,5
2020,Ford,Mustang (Performance Pkg),Subcompact,2.3,4,M6,X,11.8,8.7,10.4,27,244,5,5
2020,Ford,Mustang,Subcompact,5.0,8,AS10,X,15.0,9.1,12.3,23,289,3,3
2020,Ford,Mustang,Subcompact,5.0,8,M6,X,16.1,9.9,13.3,21,312,3,3
2020,Ford,Mustang Bullitt,Subcompact,5.0,8,M6,X,16.4,10.2,13.6,21,319,3,3
2020,Ford,Mustang Convertible,Subcompact,2.3,4,AS10,X,11.8,8.4,10.3,27,242,5,5
2020,Ford,Mustang Convertible (Performance Pkg),Subcompact,2.3,4,AS10,X,11.8,8.7,10.4,27,244,5,5
2020,Ford,Mustang Convertible,Subcompact,2.3,4,M6,X,11.8,8.4,10.3,27,240,5,5
2020,Ford,Mustang Convertible (Performance Pkg),Subcompact,2.3,4,M6,X,12.1,9.1,10.7,26,252,4,5
2020,Ford,Mustang Convertible,Subcompact,5.0,8,AS10,X,15.4,9.7,12.9,22,303,3,3
2020,Ford,Ranger 4WD,Pickup truck: Standard,2.3,4,AS10,X,11.8,9.8,10.9,26,256,4,5
2020,Ford,Shelby GT350 Mustang,Subcompact,5.2,8,M6,Z,17.1,11.4,14.5,19,342,2,3
2020,Ford,Shelby GT500 Mustang,Subcompact,5.2,8,AM7,Z,19.9,12.7,16.7,17,392,1,3
2020,Ford,T-150 Wagon FFV,Van: Passenger,3.5,6,AS10,X,16.2,12.3,14.5,19,340,2,1
2020,Ford,T-150 Wagon FFV,Van: Passenger,3.5,6,AS10,E,21.5,16.2,19.1,15,316,3,1
2020,Ford,T-150 Wagon FFV 4WD,Van: Passenger,3.5,6,AS10,X,16.7,12.8,15.0,19,352,2,1
2020,Ford,T-150 Wagon FFV 4WD,Van: Passenger,3.5,6,AS10,E,22.1,16.8,19.8,14,328,3,1
2020,Ford,Transit Connect Van FFV,Special purpose vehicle,2.0,4,AS8,X,9.8,8.8,9.3,30,219,5,5
2020,Ford,Transit Connect Van FFV,Special purpose vehicle,2.0,4,AS8,E,13.3,11.8,12.6,22,209,5,5
2020,Ford,Transit Connect Van LWB,Special purpose vehicle,2.0,4,AS8,X,9.8,8.8,9.3,30,219,5,6
2020,Ford,Transit Connect Van LWB,Special purpose vehicle,2.5,4,AS6,X,12.0,8.8,10.6,27,247,4,5
2020,Ford,Transit Connect Wagon LWB,Special purpose vehicle,2.0,4,AS8,X,9.9,8.2,9.2,31,214,5,6
2020,Ford,Transit Connect Wagon LWB FFV,Special purpose vehicle,2.0,4,AS8,X,9.9,8.2,9.2,31,214,5,5
2020,Ford,Transit Connect Wagon LWB FFV,Special purpose vehicle,2.0,4,AS8,E,13.7,11.1,12.5,23,208,6,5
2020,Ford,Transit Connect Wagon LWB,Special purpose vehicle,2.5,4,AS6,X,12.1,9.0,10.7,26,251,4,5
2020,Genesis,G70,Compact,2.0,4,M6,Z,12.8,8.5,10.9,26,255,4,3
2020,Genesis,G70 AWD,Compact,2.0,4,AS8,Z,11.4,8.6,10.2,28,238,5,3
2020,Genesis,G70 AWD,Compact,3.3,6,AS8,Z,14.1,9.5,12.0,24,284,3,3
2020,Genesis,G80 AWD,Full-size,3.3,6,AS8,Z,13.8,9.7,11.9,24,282,4,3
2020,Genesis,G80 AWD,Full-size,3.8,6,AS8,X,13.4,9.6,11.7,24,276,4,5
2020,Genesis,G80 AWD,Full-size,5.0,8,AS8,Z,15.6,10.4,13.2,21,312,3,5
2020,Genesis,G90 AWD,Full-size,3.3,6,AS8,Z,13.6,9.5,11.8,24,280,4,3
2020,Genesis,G90 AWD,Full-size,5.0,8,AS8,Z,15.4,10.2,13.1,22,311,3,5
2020,GMC,Acadia,Sport utility vehicle: Standard,2.0,4,A9,X,11.0,8.3,9.8,29,225,5,6
2020,GMC,Acadia,Sport utility vehicle: Standard,2.5,4,A9,X,11.3,8.9,10.2,28,238,5,5
2020,GMC,Acadia,Sport utility vehicle: Standard,3.6,6,A9,X,12.6,8.8,10.9,26,257,4,6
2020,GMC,Acadia AWD,Sport utility vehicle: Standard,2.0,4,A9,X,11.3,8.7,10.1,28,232,5,6
2020,GMC,Acadia AWD,Sport utility vehicle: Standard,3.6,6,A9,X,13.1,9.4,11.4,25,269,4,6
2020,GMC,Canyon,Pickup truck: Small,2.5,4,A6,X,12.1,9.2,10.8,26,252,4,5
2020,GMC,Canyon,Pickup truck: Small,2.8,4,A6,D,11.8,7.9,10.1,28,270,4,3
2020,GMC,Canyon,Pickup truck: Small,3.6,6,A8,X,13.4,9.6,11.7,24,273,4,5
2020,GMC,Canyon 4WD,Pickup truck: Small,2.5,4,A6,X,12.6,9.7,11.3,25,265,4,5
2020,GMC,Canyon 4WD,Pickup truck: Small,2.8,4,A6,D,12.3,8.5,10.6,27,284,3,3
2020,GMC,Canyon 4WD,Pickup truck: Small,3.6,6,A8,X,14.0,9.9,12.2,23,286,3,5
2020,GMC,Sierra,Pickup truck: Standard,2.7,4,A8,X,11.9,10.3,11.1,25,262,4,6
2020,GMC,Sierra WT,Pickup truck: Standard,2.7,4,A8,X,12.5,10.8,11.7,24,275,4,6
2020,GMC,Sierra,Pickup truck: Standard,3.0,6,A10,D,10.2,7.8,9.1,31,245,5,1
2020,GMC,Sierra,Pickup truck: Standard,4.3,6,A6,X,15.1,11.5,13.5,21,318,3,6
2020,GMC,Sierra,Pickup truck: Standard,5.3,8,A6,X,15.9,11.4,13.9,20,326,3,5
2020,GMC,Sierra FFV,Pickup truck: Standard,5.3,8,A6,X,16.0,12.6,14.4,20,339,2,3
2020,GMC,Sierra FFV,Pickup truck: Standard,5.3,8,A6,E,22.2,16.2,19.5,14,326,3,3
2020,GMC,Sierra,Pickup truck: Standard,5.3,8,A8,X,14.0,10.1,12.2,23,288,3,5
2020,GMC,Sierra 4WD,Pickup truck: Standard,2.7,4,A8,X,12.5,10.8,11.7,24,275,4,6
2020,GMC,Sierra WT 4WD,Pickup truck: Standard,2.7,4,A8,X,12.7,11.0,12.0,24,280,4,6
2020,GMC,Sierra 4WD,Pickup truck: Standard,3.0,6,A10,D,10.5,9.1,9.9,29,265,4,1
2020,GMC,Sierra 4WD AT4,Pickup truck: Standard,3.0,6,A10,D,10.5,9.1,9.9,29,265,4,1
2020,GMC,Sierra 4WD,Pickup truck: Standard,4.3,6,A6,X,15.7,12.0,14.1,20,331,3,6
2020,GMC,Sierra 4WD,Pickup truck: Standard,5.3,8,A6,X,15.9,11.8,14.1,20,331,3,5
2020,GMC,Sierra 4WD FFV,Pickup truck: Standard,5.3,8,A6,X,16.4,12.6,14.7,19,344,2,3
2020,GMC,Sierra 4WD FFV,Pickup truck: Standard,5.3,8,A6,E,21.8,16.8,19.5,14,325,3,3
2020,GMC,Sierra 4WD AT4,Pickup truck: Standard,5.3,8,A6,X,16.7,13.1,15.1,19,354,2,5
2020,GMC,Sierra 4WD,Pickup truck: Standard,5.3,8,A8,X,14.7,10.8,13.0,22,304,3,5
2020,GMC,Sierra 4WD AT4,Pickup truck: Standard,5.3,8,A8,X,15.1,11.4,13.4,21,314,3,5
2020,GMC,Sierra 4WD,Pickup truck: Standard,5.3,8,A10,X,14.3,10.6,12.7,22,298,3,5
2020,GMC,Sierra 4WD AT4,Pickup truck: Standard,5.3,8,A10,X,14.7,11.2,13.1,22,307,3,5
2020,GMC,Sierra 4WD,Pickup truck: Standard,6.2,8,A10,Z,15.5,11.9,13.9,20,326,3,3
2020,GMC,Sierra 4WD AT4,Pickup truck: Standard,6.2,8,A10,Z,15.7,12.4,14.2,20,332,3,3
2020,GMC,Terrain,Sport utility vehicle: Small,1.5,4,A9,X,9.2,7.8,8.6,33,202,6,7
2020,GMC,Terrain AWD,Sport utility vehicle: Small,1.5,4,A9,X,9.5,8.3,9.0,31,210,5,7
2020,GMC,Terrain AWD,Sport utility vehicle: Small,2.0,4,A9,Z,11.2,9.0,10.2,28,239,5,5
2020,GMC,Yukon,Sport utility vehicle: Standard,5.3,8,A6,X,15.7,10.5,13.4,21,314,3,3
2020,GMC,Yukon FFV,Sport utility vehicle: Standard,5.3,8,A6,X,15.7,10.5,13.4,21,314,3,3
2020,GMC,Yukon FFV,Sport utility vehicle: Standard,5.3,8,A6,E,21.2,13.9,17.9,16,298,3,3
2020,GMC,Yukon 4WD,Sport utility vehicle: Standard,5.3,8,A6,X,16.0,11.2,13.8,20,325,3,3
2020,GMC,Yukon 4WD FFV,Sport utility vehicle: Standard,5.3,8,A6,X,16.0,11.2,13.8,20,325,3,3
2020,GMC,Yukon 4WD FFV,Sport utility vehicle: Standard,5.3,8,A6,E,21.7,14.3,18.4,15,305,3,3
2020,GMC,Yukon 4WD,Sport utility vehicle: Standard,6.2,8,A10,Z,16.5,10.9,13.9,20,327,3,3
2020,GMC,Yukon XL,Sport utility vehicle: Standard,5.3,8,A6,X,15.7,10.5,13.4,21,314,3,3
2020,GMC,Yukon XL FFV,Sport utility vehicle: Standard,5.3,8,A6,X,15.7,10.5,13.4,21,314,3,3
2020,GMC,Yukon XL FFV,Sport utility vehicle: Standard,5.3,8,A6,E,21.2,13.9,17.9,16,298,3,3
2020,GMC,Yukon XL 4WD,Sport utility vehicle: Standard,5.3,8,A6,X,16.8,11.3,14.4,20,337,2,3
2020,GMC,Yukon XL 4WD FFV,Sport utility vehicle: Standard,5.3,8,A6,X,16.8,11.3,14.4,20,337,2,3
2020,GMC,Yukon XL 4WD FFV,Sport utility vehicle: Standard,5.3,8,A6,E,22.2,15.3,19.1,15,319,3,3
2020,GMC,Yukon XL 4WD,Sport utility vehicle: Standard,6.2,8,A10,Z,17.2,11.4,14.6,19,343,2,3
2020,Honda,Accord,Full-size,1.5,4,AV,X,7.9,6.3,7.2,39,170,7,7
2020,Honda,Accord,Full-size,1.5,4,AV7,X,8.2,6.8,7.6,37,177,7,7
2020,Honda,Accord,Full-size,1.5,4,M6,X,8.9,6.7,7.9,36,185,7,6
2020,Honda,Accord,Full-size,2.0,4,M6,X,10.7,7.3,9.2,31,214,5,6
2020,Honda,Accord Sport/Touring,Mid-size,2.0,4,AS10,X,10.4,7.4,9.1,31,211,5,7
2020,Honda,Accord Hybrid,Full-size,2.0,4,AV,X,5.0,5.0,5.0,56,117,10,7
2020,Honda,Civic Coupe,Compact,1.5,4,AV7,X,7.8,6.4,7.2,39,167,7,3
2020,Honda,Civic Coupe,Compact,2.0,4,AV,X,7.8,6.1,7.1,40,164,8,3
2020,Honda,Civic Coupe,Compact,2.0,4,AV7,X,8.3,6.6,7.5,38,176,7,3
2020,Honda,Civic Coupe,Compact,2.0,4,M6,X,9.3,6.7,8.1,35,189,6,3
2020,Honda,Civic Coupe Si,Compact,1.5,4,M6,Z,8.9,6.4,7.8,36,183,7,3
2020,Honda,Civic Hatchback,Full-size,1.5,4,AV,X,7.7,6.0,6.9,41,162,8,3
2020,Honda,Civic Hatchback,Full-size,1.5,4,M6,X,8.0,6.2,7.2,39,167,7,3
2020,Honda,Civic Hatchback Sport,Full-size,1.5,4,AV7,Z,8.0,6.6,7.4,38,172,7,3
2020,Honda,Civic Hatchback Sport,Full-size,1.5,4,M6,Z,8.0,6.2,7.2,39,167,7,3
2020,Honda,Civic Sedan,Mid-size,1.5,4,AV7,X,7.8,6.2,7.1,40,165,7,3
2020,Honda,Civic Sedan,Mid-size,2.0,4,AV,X,7.9,6.1,7.1,40,167,7,3
2020,Honda,Civic Sedan,Mid-size,2.0,4,AV7,X,8.2,6.5,7.4,38,172,7,3
2020,Honda,Civic Sedan,Mid-size,2.0,4,M6,X,9.3,6.5,8.0,35,186,7,3
2020,Honda,Civic Sedan Si,Mid-size,1.5,4,M6,Z,8.9,6.4,7.8,36,183,7,3
2020,Honda,Civic Type R,Full-size,2.0,4,M6,Z,10.5,8.4,9.6,29,223,5,3
2020,Honda,CR-V,Sport utility vehicle: Small,1.5,4,AV,X,8.3,7.0,7.7,37,180,7,6
2020,Honda,CR-V AWD,Sport utility vehicle: Small,1.5,4,AV,X,8.7,7.4,8.1,35,189,6,6
2020,Honda,Fit,Station wagon: Small,1.5,4,AV,X,7.0,5.9,6.5,43,151,8,7
2020,Honda,Fit,Station wagon: Small,1.5,4,AV7,X,7.6,6.5,7.0,40,166,7,7
2020,Honda,Fit,Station wagon: Small,1.5,4,M6,X,8.1,6.6,7.4,38,174,7,3
2020,Honda,HR-V,Station wagon: Small,1.8,4,AV,X,8.4,7.0,7.8,36,181,7,5
2020,Honda,HR-V AWD,Station wagon: Small,1.8,4,AV,X,8.8,7.5,8.2,34,193,6,5
2020,Honda,HR-V AWD,Station wagon: Small,1.8,4,AV7,X,9.1,7.7,8.5,33,200,6,5
2020,Honda,Insight EX/Touring,Mid-size,1.5,4,AV,X,4.6,5.3,4.9,58,115,10,7
2020,Honda,Odyssey,Minivan,3.5,6,AS10,X,12.2,8.5,10.6,27,248,4,5
2020,Honda,Passport AWD,Sport utility vehicle: Small,3.5,6,AS9,X,12.5,9.8,11.3,25,265,4,3
2020,Honda,Pilot AWD,Sport utility vehicle: Small,3.5,6,A6,X,13.0,9.3,11.3,25,266,4,3
2020,Honda,Pilot AWD,Sport utility vehicle: Small,3.5,6,AS9,X,12.4,9.3,11.0,26,257,4,3
2020,Honda,Ridgeline AWD,Pickup truck: Standard,3.5,6,AS9,X,12.6,10.0,11.4,25,269,4,3
2020,Hyundai,Accent,Compact,1.6,4,AV,X,7.3,6.0,6.7,42,160,8,3
2020,Hyundai,Accent,Compact,1.6,4,M6,X,7.8,6.1,7.0,40,168,7,3
2020,Hyundai,Elantra,Mid-size,1.6,4,AM7,X,8.9,7.0,8.1,35,192,6,5
2020,Hyundai,Elantra,Mid-size,1.6,4,M6,X,10.1,7.6,9.0,31,214,5,5
2020,Hyundai,Elantra,Mid-size,2.0,4,AV,X,7.8,5.6,6.8,42,161,8,5
2020,Hyundai,Elantra,Mid-size,2.0,4,M6,X,9.1,6.3,7.9,36,187,7,5
2020,Hyundai,Elantra GT,Full-size,1.6,4,AM7,X,9.7,7.4,8.6,33,205,6,5
2020,Hyundai,Elantra GT,Full-size,1.6,4,M6,X,10.3,7.9,9.2,31,218,5,5
2020,Hyundai,Elantra GT,Full-size,2.0,4,AS6,X,9.4,7.1,8.4,34,199,6,5
2020,Hyundai,Elantra GT,Full-size,2.0,4,M6,X,9.8,7.4,8.7,32,207,6,5
2020,Hyundai,IONIQ,Full-size,1.6,4,AM6,X,4.2,4.2,4.2,67,99,10,7
2020,Hyundai,IONIQ Blue,Full-size,1.6,4,AM6,X,4.2,4.0,4.1,69,96,10,7
2020,Hyundai,Kona,Sport utility vehicle: Small,2.0,4,AS6,X,8.6,7.0,7.9,36,187,7,5
2020,Hyundai,Kona AWD,Sport utility vehicle: Small,1.6,4,AM7,X,9.0,8.0,8.6,33,201,6,5
2020,Hyundai,Kona AWD,Sport utility vehicle: Small,2.0,4,AS6,X,9.2,7.8,8.6,33,202,6,5
2020,Hyundai,Palisade,Sport utility vehicle: Standard,3.8,6,AS8,X,11.9,8.8,10.5,27,250,4,5
2020,Hyundai,Palisade AWD,Sport utility vehicle: Standard,3.8,6,AS8,X,12.3,9.6,11.1,25,265,4,5
2020,Hyundai,Santa Fe,Sport utility vehicle: Small,2.4,4,AS8,X,10.8,8.0,9.6,29,225,5,5
2020,Hyundai,Santa Fe AWD,Sport utility vehicle: Small,2.0,4,AS8,X,12.0,9.2,10.7,26,255,4,5
2020,Hyundai,Santa Fe AWD,Sport utility vehicle: Small,2.4,4,AS8,X,11.3,8.8,10.1,28,238,5,5
2020,Hyundai,Sonata,Full-size,1.6,4,AS8,X,8.6,6.6,7.7,37,181,7,5
2020,Hyundai,Sonata,Full-size,2.5,4,AS8,X,8.8,6.4,7.7,37,182,7,7
2020,Hyundai,Sonata Hybrid,Full-size,2.0,4,AM6,X,5.3,4.6,5.0,56,117,10,7
2020,Hyundai,Tucson,Sport utility vehicle: Small,2.0,4,AS6,X,10.0,7.9,9.1,31,216,5,5
2020,Hyundai,Tucson AWD,Sport utility vehicle: Small,2.0,4,AS6,X,10.8,9.2,10.1,28,239,5,5
2020,Hyundai,Tucson AWD,Sport utility vehicle: Small,2.4,4,AS6,X,11.0,9.1,10.1,28,241,5,5
2020,Hyundai,Veloster Turbo,Compact,1.6,4,AM7,X,8.5,6.9,7.8,36,184,7,5
2020,Hyundai,Veloster Turbo,Compact,1.6,4,M6,X,9.4,7.0,8.3,34,196,6,5
2020,Hyundai,Veloster,Compact,2.0,4,AS6,X,9.1,7.1,8.2,34,193,6,5
2020,Hyundai,Veloster N,Compact,2.0,4,M6,Z,10.6,8.3,9.5,30,226,5,3
2020,Hyundai,Venue,Mid-size,1.6,4,AV,X,8.0,7.0,7.5,38,178,7,5
2020,Hyundai,Venue,Mid-size,1.6,4,M6,X,8.6,6.8,7.8,36,184,7,5
2020,Infiniti,Q50 AWD,Mid-size,3.0,6,AS7,Z,12.5,8.7,10.8,26,254,4,3
2020,Infiniti,Q50 AWD Red Sport,Mid-size,3.0,6,AS7,Z,12.5,9.3,11.1,25,261,4,3
2020,Infiniti,Q60 AWD,Subcompact,3.0,6,AS7,Z,12.3,8.7,10.7,26,251,4,3
2020,Infiniti,Q60 AWD Red Sport,Subcompact,3.0,6,AS7,Z,12.5,9.2,11.0,26,259,4,3
2020,Infiniti,QX50 AWD,Sport utility vehicle: Small,2.0,4,AV8,Z,10.8,8.3,9.7,29,228,5,5
2020,Infiniti,QX60 AWD,Sport utility vehicle: Small,3.5,6,AV7,Z,12.5,9.0,10.9,26,257,4,3
2020,Infiniti,QX80 4WD,Sport utility vehicle: Standard,5.6,8,AS7,Z,17.8,12.3,15.3,18,360,2,3
2020,Jaguar,E-PACE P250,Sport utility vehicle: Small,2.0,4,AS9,Z,11.0,8.4,9.8,29,231,5,7
2020,Jaguar,E-PACE P300,Sport utility vehicle: Small,2.0,4,AS9,Z,11.2,8.6,10.1,28,236,5,7
2020,Jaguar,F-PACE 25t,Sport utility vehicle: Small,2.0,4,AS8,Z,10.7,8.8,9.9,29,227,5,7
2020,Jaguar,F-PACE 30t,Sport utility vehicle: Small,2.0,4,AS8,Z,10.9,8.7,9.9,29,232,5,7
2020,Jaguar,F-PACE S,Sport utility vehicle: Small,3.0,6,AS8,Z,13.3,10.0,11.8,24,277,4,7
2020,Jaguar,F-PACE SVR,Sport utility vehicle: Small,5.0,8,AS8,Z,14.5,11.0,12.9,22,303,3,3
2020,Jaguar,F-TYPE P300 Convertible,Two-seater,2.0,4,AS8,Z,10.2,7.8,9.2,31,215,5,7
2020,Jaguar,F-TYPE Convertible,Two-seater,3.0,6,AS8,Z,11.9,8.5,10.4,27,242,5,7
2020,Jaguar,F-TYPE Convertible R-Dynamic,Two-seater,3.0,6,AS8,Z,12.4,8.8,10.8,26,253,4,7
2020,Jaguar,F-TYPE Convertible R-Dynamic AWD,Two-seater,3.0,6,AS8,Z,13.0,9.2,11.3,25,265,4,7
2020,Jaguar,F-TYPE R AWD Convertible,Two-seater,5.0,8,AS8,Z,15.2,9.8,12.7,22,299,3,3
2020,Jaguar,F-TYPE SVR AWD Convertible,Two-seater,5.0,8,AS8,Z,15.2,9.8,12.7,22,299,3,3
2020,Jaguar,F-TYPE P300 Coupe,Two-seater,2.0,4,AS8,Z,10.2,7.8,9.2,31,215,5,7
2020,Jaguar,F-TYPE Coupe,Two-seater,3.0,6,AS8,Z,11.9,8.5,10.4,27,242,5,7
2020,Jaguar,F-TYPE Coupe R-Dynamic,Two-seater,3.0,6,AS8,Z,12.4,8.8,10.8,26,253,4,7
2020,Jaguar,F-TYPE Coupe R-Dynamic AWD,Two-seater,3.0,6,AS8,Z,13.0,9.2,11.3,25,265,4,7
2020,Jaguar,F-TYPE R AWD Coupe,Two-seater,5.0,8,AS8,Z,15.2,9.8,12.7,22,299,3,3
2020,Jaguar,F-TYPE SVR AWD Coupe,Two-seater,5.0,8,AS8,Z,15.2,9.8,12.7,22,299,3,3
2020,Jaguar,XE P250,Compact,2.0,4,AS8,Z,9.4,7.0,8.3,34,194,6,7
2020,Jaguar,XE P250 AWD,Compact,2.0,4,AS8,Z,9.8,6.9,8.5,33,200,6,7
2020,Jaguar,XE P300 AWD,Compact,2.0,4,AS8,Z,10.7,7.7,9.4,30,220,5,7
2020,Jaguar,XF 25t,Mid-size,2.0,4,AS8,Z,9.4,7.0,8.3,34,194,6,7
2020,Jaguar,XF 25t AWD,Mid-size,2.0,4,AS8,Z,10.1,7.2,8.8,32,207,6,7
2020,Jaguar,XF 30t,Mid-size,2.0,4,AS8,Z,9.2,7.5,8.9,32,208,6,7
2020,Jaguar,XF 30t AWD,Mid-size,2.0,4,AS8,Z,10.6,7.6,9.2,31,217,5,7
2020,Jaguar,XF S AWD,Mid-size,3.0,6,AS8,Z,12.0,8.4,10.4,27,243,5,7
2020,Jeep,Cherokee,Sport utility vehicle: Small,2.0,4,A9,X,10.4,7.6,9.1,31,214,5,5
2020,Jeep,Cherokee,Sport utility vehicle: Small,2.4,4,A9,X,10.8,7.6,9.3,30,219,5,6
2020,Jeep,Cherokee,Sport utility vehicle: Small,3.2,6,A9,X,11.9,8.2,10.2,28,240,5,5
2020,Jeep,Cherokee 4X4 Active Drive I,Sport utility vehicle: Small,2.0,4,A9,X,11.2,8.0,9.8,29,229,5,5
2020,Jeep,Cherokee 4X4 Active Drive I,Sport utility vehicle: Small,2.4,4,A9,X,11.2,8.0,9.8,29,230,5,6
2020,Jeep,Cherokee 4X4 Active Drive I,Sport utility vehicle: Small,3.2,6,A9,X,12.2,8.6,10.6,27,249,4,5
2020,Jeep,Cherokee 4X4 Active Drive II,Sport utility vehicle: Small,2.0,4,A9,X,11.5,8.6,10.2,28,240,5,5
2020,Jeep,Cherokee 4X4 Active Drive II,Sport utility vehicle: Small,3.2,6,A9,X,12.8,9.0,11.1,25,259,4,5
2020,Jeep,Cherokee 4X4 Active Drive Lock,Sport utility vehicle: Small,2.0,4,A9,X,11.8,9.2,10.6,27,249,4,5
2020,Jeep,Cherokee 4X4 Active Drive Lock,Sport utility vehicle: Small,3.2,6,A9,X,12.9,9.9,11.6,24,269,4,5
2020,Jeep,Compass,Sport utility vehicle: Small,2.4,4,A6,X,10.6,7.6,9.3,30,218,5,6
2020,Jeep,Compass,Sport utility vehicle: Small,2.4,4,M6,X,10.4,7.3,9.0,31,211,5,3
2020,Jeep,Compass 4X4,Sport utility vehicle: Small,2.4,4,A9,X,10.8,7.8,9.5,30,222,5,6
2020,Jeep,Compass 4X4,Sport utility vehicle: Small,2.4,4,M6,X,10.8,7.6,9.4,30,221,5,3
2020,Jeep,Gladiator 4X4,Pickup truck: Standard,3.6,6,A8,X,13.7,10.7,12.3,23,290,3,5
2020,Jeep,Gladiator 4X4,Pickup truck: Standard,3.6,6,M6,X,14.3,10.4,12.6,22,296,3,5
2020,Jeep,Grand Cherokee 4X4,Sport utility vehicle: Standard,3.6,6,A8,X,12.7,9.6,11.3,25,265,4,7
2020,Jeep,Grand Cherokee 4X4,Sport utility vehicle: Standard,5.7,8,A8,X,16.7,10.9,14.1,20,331,3,3
2020,Jeep,Grand Cherokee 4X4 SRT,Sport utility vehicle: Standard,6.4,8,A8,Z,18.3,12.6,15.7,18,368,2,1
2020,Jeep,Grand Cherokee 4X4 Trackhawk,Sport utility vehicle: Standard,6.2,8,A8,Z,20.9,13.8,17.7,16,413,1,1
2020,Jeep,Renegade,Sport utility vehicle: Small,1.3,4,A9,X,9.8,7.4,8.7,32,204,6,6
2020,Jeep,Renegade,Sport utility vehicle: Small,2.4,4,A9,X,10.8,7.8,9.5,30,222,5,6
2020,Jeep,Renegade 4X4,Sport utility vehicle: Small,1.3,4,A9,X,10.1,8.1,9.2,31,216,5,6
2020,Jeep,Renegade 4X4 Trailhawk,Sport utility vehicle: Small,1.3,4,A9,X,10.8,8.7,9.9,29,230,5,6
2020,Jeep,Renegade 4X4,Sport utility vehicle: Small,2.4,4,A9,X,11.2,8.2,9.8,29,230,5,6
2020,Jeep,Wrangler 4X4,Sport utility vehicle: Small,2.0,4,A8,X,10.7,9.8,10.3,27,241,5,5
2020,Jeep,Wrangler 4X4,Sport utility vehicle: Small,3.6,6,A8,X,12.8,10.4,11.8,24,274,4,5
2020,Jeep,Wrangler 4X4 eTorque,Sport utility vehicle: Small,3.6,6,A8,X,12.0,9.8,11.0,26,259,4,5
2020,Jeep,Wrangler 4X4,Sport utility vehicle: Small,3.6,6,M6,X,13.7,9.6,11.8,24,277,4,5
2020,Jeep,Wrangler Unlimited 4X4,Sport utility vehicle: Small,2.0,4,A8,X,11.5,10.9,11.2,25,263,4,5
2020,Jeep,Wrangler Unlimited 4X4 eTorque,Sport utility vehicle: Small,2.0,4,A8,X,11.3,10.5,10.9,26,257,4,5
2020,Jeep,Wrangler Unlimited 4X4 EcoDiesel,Sport utility vehicle: Small,3.0,6,A8,D,10.6,8.1,9.5,30,255,4,1
2020,Jeep,Wrangler Unlimited 4X4,Sport utility vehicle: Small,3.6,6,A8,X,12.9,10.7,11.9,24,280,4,5
2020,Jeep,Wrangler Unlimited 4X4 eTorque,Sport utility vehicle: Small,3.6,6,A8,X,12.6,10.7,11.8,24,276,4,5
2020,Jeep,Wrangler Unlimited 4X4,Sport utility vehicle: Small,3.6,6,M6,X,13.8,10.1,12.2,23,285,3,5
2020,Kia,Forte,Mid-size,1.6,4,AM7,X,8.7,6.6,7.8,36,184,7,5
2020,Kia,Forte,Mid-size,2.0,4,AV,X,7.9,5.9,7.0,40,165,7,5
2020,Kia,Forte,Mid-size,2.0,4,M6,X,8.6,6.4,7.6,37,180,7,5
2020,Kia,Forte 5,Full-size,1.6,4,AM7,X,8.9,6.9,8.0,35,190,6,5
2020,Kia,Forte 5,Full-size,2.0,4,AV,X,8.0,6.0,7.1,40,169,7,5
2020,Kia,Niro,Station wagon: Small,1.6,4,AM6,X,4.6,5.1,4.8,59,114,10,7
2020,Kia,Niro FE,Station wagon: Small,1.6,4,AM6,X,4.5,4.8,4.7,60,110,10,7
2020,Kia,Niro Touring,Station wagon: Small,1.6,4,AM6,X,5.1,5.8,5.4,52,129,9,7
2020,Kia,Optima,Full-size,2.4,4,AS6,X,9.5,7.1,8.4,34,199,6,5
2020,Kia,Optima Hybrid,Mid-size,2.0,4,AM6,X,5.9,5.2,5.6,50,132,9,7
2020,Kia,Rio,Compact,1.6,4,AV,X,7.2,5.9,6.6,43,151,8,3
2020,Kia,Rio,Compact,1.6,4,M6,X,7.7,6.1,7.0,40,166,7,3
2020,Kia,Sedona,Minivan,3.3,6,AS8,X,12.7,9.9,11.5,25,271,4,5
2020,Kia,Sorento AWD,Sport utility vehicle: Small,2.4,4,AS6,X,11.2,9.0,10.2,28,242,5,5
2020,Kia,Sorento AWD,Sport utility vehicle: Small,3.3,6,AS8,X,12.3,9.5,11.1,25,261,4,5
2020,Kia,Soul,Station wagon: Small,2.0,4,AV,X,8.6,7.1,7.9,36,188,6,7
2020,Kia,Soul,Station wagon: Small,2.0,4,M6,X,9.6,7.6,8.7,32,206,6,5
2020,Kia,Sportage,Sport utility vehicle: Small,2.4,4,AS6,X,10.1,7.6,9.0,31,214,5,5
2020,Kia,Sportage AWD,Sport utility vehicle: Small,2.0,4,AS6,X,12.1,9.6,11.0,26,261,4,5
2020,Kia,Sportage AWD,Sport utility vehicle: Small,2.4,4,AS6,X,10.8,9.1,10.0,28,239,5,5
2020,Kia,Stinger AWD,Mid-size,3.3,6,AS8,Z,13.6,9.6,11.8,24,279,4,3
2020,Kia,Telluride AWD,Sport utility vehicle: Small,3.8,6,AS8,X,12.5,9.6,11.2,25,264,4,5
2020,Lamborghini,Aventador Coupe,Two-seater,6.5,12,AM7,Z,26.2,15.5,21.4,13,485,1,1
2020,Lamborghini,Aventador Roadster,Two-seater,6.5,12,AM7,Z,26.6,15.8,21.7,13,493,1,1
2020,Lamborghini,Aventador Sian Coupe,Two-seater,6.5,12,AM7,Z,28.1,16.6,22.9,12,535,1,1
2020,Lamborghini,Aventador Sian Roadster,Two-seater,6.5,12,AM7,Z,28.1,16.6,22.9,12,535,1,1
2020,Lamborghini,Huracan Coupe,Two-seater,5.2,10,AM7,Z,18.0,12.9,15.7,18,370,2,1
2020,Lamborghini,Huracan Coupe AWD,Two-seater,5.2,10,AM7,Z,18.0,12.9,15.7,18,370,2,1
2020,Lamborghini,Huracan Spyder,Two-seater,5.2,10,AM7,Z,18.0,12.9,15.7,18,370,2,1
2020,Lamborghini,Huracan Spyder AWD,Two-seater,5.2,10,AM7,Z,18.0,12.9,15.7,18,370,2,1
2020,Lamborghini,Urus,Sport utility vehicle: Standard,4.0,8,AS8,Z,19.2,14.1,16.9,17,384,1,3
2020,Land Rover,Defender 90 P300,Sport utility vehicle: Standard,2.0,4,AS8,Z,13.2,11.3,12.3,23,289,3,7
2020,Land Rover,Defender 90 P400,Sport utility vehicle: Standard,3.0,6,AS8,Z,13.5,10.8,12.3,23,287,3,7
2020,Land Rover,Defender 110 P300,Sport utility vehicle: Standard,2.0,4,AS8,Z,14.2,11.7,13.0,22,306,3,7
2020,Land Rover,Defender 110 P400,Sport utility vehicle: Standard,3.0,6,AS8,Z,13.5,10.8,12.3,23,287,3,7
2020,Land Rover,Discovery,Sport utility vehicle: Standard,3.0,6,AS8,Z,14.8,11.4,13.3,21,311,3,7
2020,Land Rover,Discovery Td6 Diesel,Sport utility vehicle: Standard,3.0,6,AS8,D,11.3,9.2,10.4,27,279,4,1
2020,Land Rover,Discovery Sport P250,Sport utility vehicle: Small,2.0,4,AS9,Z,12.6,9.7,11.3,25,266,4,7
2020,Land Rover,Discovery Sport P290,Sport utility vehicle: Small,2.0,4,AS9,Z,12.3,9.8,11.1,25,262,4,7
2020,Land Rover,Range Rover 3.0,Sport utility vehicle: Standard,3.0,6,AS8,Z,12.2,9.4,11.0,26,258,4,7
2020,Land Rover,Range Rover Td6 Diesel,Sport utility vehicle: Standard,3.0,6,AS8,D,10.7,8.3,9.6,29,256,4,1
2020,Land Rover,Range Rover 5.0 Supercharged,Sport utility vehicle: Standard,5.0,8,AS8,Z,14.4,11.2,12.9,22,305,3,3
2020,Land Rover,Range Rover 5.0 Supercharged LWB,Sport utility vehicle: Standard,5.0,8,AS8,Z,14.4,11.3,13.0,22,305,3,3
2020,Land Rover,Range Rover SVAutobiography Dynamic,Sport utility vehicle: Standard,5.0,8,AS8,Z,17.1,12.6,15.1,19,354,2,3
2020,Land Rover,Range Rover SVAutobiography LWB,Sport utility vehicle: Standard,5.0,8,AS8,Z,17.9,12.7,15.5,18,365,2,3
2020,Land Rover,Range Rover Sport 3.0,Sport utility vehicle: Standard,3.0,6,AS8,Z,12.6,9.6,11.3,25,264,4,7
2020,Land Rover,Range Rover Sport Td6 Diesel,Sport utility vehicle: Standard,3.0,6,AS8,D,10.7,8.3,9.6,29,256,4,1
2020,Land Rover,Range Rover Sport Supercharged,Sport utility vehicle: Standard,5.0,8,AS8,Z,14.1,10.7,12.6,22,294,3,3
2020,Land Rover,Range Rover Sport SVR,Sport utility vehicle: Standard,5.0,8,AS8,Z,16.2,12.0,14.3,20,336,2,3
2020,Land Rover,Range Rover Evoque P250,Sport utility vehicle: Small,2.0,4,AS9,Z,11.8,8.7,10.4,27,245,5,7
2020,Land Rover,Range Rover Evoque P300,Sport utility vehicle: Small,2.0,4,AS9,Z,11.4,8.9,10.3,27,242,5,7
2020,Land Rover,Range Rover Velar P250,Sport utility vehicle: Small,2.0,4,AS8,Z,11.2,8.9,10.2,28,238,5,7
2020,Land Rover,Range Rover Velar P300,Sport utility vehicle: Small,2.0,4,AS8,Z,11.7,9.2,10.6,27,248,4,7
2020,Land Rover,Range Rover Velar P340,Sport utility vehicle: Small,3.0,6,AS8,Z,13.0,10.0,11.6,24,273,4,7
2020,Land Rover,Range Rover Velar P380,Sport utility vehicle: Small,3.0,6,AS8,Z,13.0,10.0,11.6,24,273,4,7
2020,Land Rover,Range Rover Velar SVAutobiography Dynamic,Sport utility vehicle: Small,5.0,8,AS8,Z,15.2,11.5,13.5,21,318,3,3
2020,Lexus,ES 300h,Mid-size,2.5,4,AS6,X,5.5,5.2,5.3,53,124,10,7
2020,Lexus,ES 350,Mid-size,3.5,6,AS8,X,10.7,7.2,9.1,31,213,5,5
2020,Lexus,ES 350 F SPORT,Mid-size,3.5,6,AS8,X,10.9,7.5,9.4,30,219,5,5
2020,Lexus,GS 350 AWD,Mid-size,3.5,6,AS6,Z,12.3,9.1,10.9,26,254,4,5
2020,Lexus,GS F,Compact,5.0,8,AS8,Z,14.9,9.7,12.5,23,293,3,5
2020,Lexus,GX 460,Sport utility vehicle: Standard,4.6,8,AS6,Z,16.2,12.3,14.5,19,337,2,3
2020,Lexus,IS 300,Compact,2.0,4,AS8,Z,11.0,7.6,9.5,30,220,5,5
2020,Lexus,IS 300 AWD,Compact,3.5,6,AS6,Z,12.3,9.1,10.9,26,254,4,5
2020,Lexus,IS 350 AWD,Compact,3.5,6,AS6,Z,12.3,9.1,10.9,26,254,4,5
2020,Lexus,LC 500,Subcompact,5.0,8,AS10,Z,15.1,9.5,12.6,22,294,3,5
2020,Lexus,LC 500h,Subcompact,3.5,6,AV10,Z,9.0,7.1,8.1,35,189,6,7
2020,Lexus,LS 500 AWD,Mid-size,3.4,6,AS10,Z,13.2,8.7,11.1,25,262,4,3
2020,Lexus,LS 500h AWD,Mid-size,3.5,6,AV10,Z,10.3,7.7,9.1,31,214,5,7
2020,Lexus,LX 570,Sport utility vehicle: Standard,5.7,8,AS8,Z,19.2,14.3,16.9,17,395,1,3
2020,Lexus,NX 300 AWD,Sport utility vehicle: Small,2.0,4,AS6,Z,10.7,8.5,9.7,29,226,5,3
2020,Lexus,NX 300 AWD F SPORT,Sport utility vehicle: Small,2.0,4,AS6,Z,10.8,8.9,9.9,29,232,5,3
2020,Lexus,NX 300h AWD,Sport utility vehicle: Small,2.5,4,AV6,X,7.2,7.9,7.5,38,176,7,7
2020,Lexus,RC 300 AWD,Subcompact,3.5,6,AS6,Z,13.1,9.8,11.2,25,262,4,5
2020,Lexus,RC 350 AWD,Subcompact,3.5,6,AS6,Z,13.1,9.8,11.2,25,262,4,5
2020,Lexus,RC F,Subcompact,5.0,8,AS8,Z,14.4,9.6,12.2,23,285,3,5
2020,Lexus,RX 350 AWD,Sport utility vehicle: Small,3.5,6,AS8,X,12.2,9.0,10.8,26,252,4,5
2020,Lexus,RX 350 L AWD,Sport utility vehicle: Small,3.5,6,AS8,X,13.1,9.4,11.1,25,268,4,5
2020,Lexus,RX 450h AWD,Sport utility vehicle: Standard,3.5,6,AV6,Z,7.5,8.4,7.9,36,185,7,7
2020,Lexus,RX 450h L AWD,Sport utility vehicle: Standard,3.5,6,AV6,Z,8.1,8.4,8.1,35,190,6,7
2020,Lexus,UX 200,Mid-size,2.0,4,AS10,X,8.0,6.3,7.2,39,168,7,6
2020,Lexus,UX 250h AWD,Compact,2.0,4,AV6,X,5.7,6.2,6.0,47,140,9,6
2020,Lincoln,Aviator,Sport utility vehicle: Standard,3.0,6,AS10,X,13.7,9.7,11.9,24,280,4,5
2020,Lincoln,Continental AWD,Full-size,2.7,6,AS6,X,14.0,9.5,12.0,24,281,4,5
2020,Lincoln,Continental AWD,Full-size,3.0,6,AS6,X,14.5,9.8,12.3,23,289,3,5
2020,Lincoln,Continental AWD,Full-size,3.7,6,AS6,X,14.3,9.7,12.2,23,287,3,3
2020,Lincoln,Corsair AWD,Sport utility vehicle: Small,2.0,4,AS8,X,11.1,8.1,9.8,29,229,5,5
2020,Lincoln,Corsair AWD,Sport utility vehicle: Small,2.3,4,AS8,X,11.1,8.2,9.8,29,230,5,5
2020,Lincoln,MKZ AWD,Mid-size,2.0,4,AS6,X,12.1,8.4,10.4,27,245,5,5
2020,Lincoln,MKZ Hybrid,Mid-size,2.0,4,AV,X,5.5,5.7,5.6,50,131,9,7
2020,Lincoln,Nautilus AWD,Sport utility vehicle: Small,2.0,4,AS8,X,12.0,9.6,10.7,26,250,4,5
2020,Lincoln,Nautilus AWD,Sport utility vehicle: Small,2.7,6,AS8,X,12.5,9.2,11.0,26,258,4,5
2020,Lincoln,Navigator 4X4,Sport utility vehicle: Standard,3.5,6,AS10,X,15.0,11.5,13.4,21,315,3,5
2020,Maserati,Ghibli,Mid-size,3.0,6,AS8,Z,14.1,9.8,12.2,23,286,3,1
2020,Maserati,Ghibli S,Mid-size,3.0,6,AS8,Z,14.1,9.8,12.2,23,286,3,1
2020,Maserati,Ghibli S Q4,Mid-size,3.0,6,AS8,Z,14.7,9.9,12.6,22,295,3,1
2020,Maserati,Levante,Sport utility vehicle: Standard,3.0,6,AS8,Z,15.9,11.1,13.7,21,324,3,1
2020,Maserati,Levante S,Sport utility vehicle: Standard,3.0,6,AS8,Z,15.9,11.1,13.7,21,324,3,1
2020,Maserati,Levante GTS,Sport utility vehicle: Standard,3.8,8,AS8,Z,17.3,12.9,15.3,18,360,2,1
2020,Maserati,Levante Trofeo,Sport utility vehicle: Standard,3.8,8,AS8,Z,17.3,12.9,15.3,18,360,2,1
2020,Maserati,Quattroporte S,Full-size,3.0,6,AS8,Z,14.1,9.8,12.2,23,286,3,1
2020,Maserati,Quattroporte S Q4,Full-size,3.0,6,AS8,Z,15.0,10.3,12.8,22,301,3,1
2020,Maserati,Quattroporte GTS,Full-size,3.8,8,AS8,Z,16.0,10.8,13.7,21,321,3,1
2020,Mazda,CX-3,Compact,2.0,4,AS6,X,8.3,6.9,7.7,37,179,7,3
2020,Mazda,CX-3 (SIL),Compact,2.0,4,M6,X,8.8,7.0,8.0,35,186,7,3
2020,Mazda,CX-3 4WD,Compact,2.0,4,AS6,X,8.6,7.4,8.1,35,189,6,3
2020,Mazda,CX-30,Sport utility vehicle: Small,2.0,4,AS6,X,8.9,7.1,8.1,35,189,6,7
2020,Mazda,CX-30,Sport utility vehicle: Small,2.5,4,AS6,X,9.3,7.1,8.3,34,194,6,7
2020,Mazda,CX-30 4WD,Sport utility vehicle: Small,2.0,4,AS6,X,9.4,7.7,8.6,33,202,6,7
2020,Mazda,CX-30 4WD,Sport utility vehicle: Small,2.5,4,AS6,X,9.9,7.7,8.9,32,208,6,7
2020,Mazda,CX-30 4WD (Cylinder Deactivation),Sport utility vehicle: Small,2.5,4,AS6,X,9.5,7.4,8.6,33,200,6,7
2020,Mazda,CX-5,Sport utility vehicle: Small,2.5,4,AS6,X,9.7,7.8,8.8,32,206,6,7
2020,Mazda,CX-5 (Cylinder Deactivation),Sport utility vehicle: Small,2.5,4,AS6,X,9.3,7.6,8.5,33,201,6,7
2020,Mazda,CX-5 4WD,Sport utility vehicle: Small,2.5,4,AS6,X,10.2,8.2,9.3,30,217,5,7
2020,Mazda,CX-5 4WD (Cylinder Deactivation),Sport utility vehicle: Small,2.5,4,AS6,X,9.8,7.9,9.0,31,209,5,7
2020,Mazda,CX-5 Turbo 4WD,Sport utility vehicle: Small,2.5,4,AS6,X,10.8,8.7,9.8,29,230,5,5
2020,Mazda,CX-9 4WD,Sport utility vehicle: Small,2.5,4,AS6,X,11.6,9.1,10.5,27,244,5,5
2020,Mazda,Mazda3 4-Door,Compact,2.0,4,AS6,X,8.4,6.6,7.6,37,178,7,7
2020,Mazda,Mazda3 4-Door (SIL),Compact,2.0,4,M6,X,8.7,6.4,7.7,37,180,7,7
2020,Mazda,Mazda3 4-Door,Compact,2.5,4,AS6,X,8.8,6.4,7.7,37,181,7,7
2020,Mazda,Mazda3 4-Door (Cylinder Deactivation),Compact,2.5,4,AS6,X,8.8,6.6,7.8,36,183,7,7
2020,Mazda,Mazda3 4-Door 4WD,Compact,2.5,4,AS6,X,9.2,7.0,8.2,34,192,6,7
2020,Mazda,Mazda3 5-Door,Mid-size,2.0,4,AS6,X,8.6,6.7,7.7,37,181,7,7
2020,Mazda,Mazda3 5-Door (SIL),Mid-size,2.0,4,M6,X,8.7,6.6,7.8,36,181,7,7
2020,Mazda,Mazda3 5-Door,Mid-size,2.5,4,AS6,X,9.0,6.8,8.0,35,187,7,7
2020,Mazda,Mazda3 5-Door (SIL),Mid-size,2.5,4,M6,X,9.2,6.6,8.1,35,189,6,7
2020,Mazda,Mazda3 5-Door 4WD,Mid-size,2.5,4,AS6,X,9.8,7.4,8.7,32,204,6,7
2020,Mazda,Mazda6,Mid-size,2.5,4,AS6,X,9.0,6.7,8.0,35,188,6,7
2020,Mazda,Mazda6 Turbo,Mid-size,2.5,4,AS6,X,10.0,7.5,8.9,32,208,6,3
2020,Mazda,MX-5,Two-seater,2.0,4,AS6,Z,9.0,6.6,7.9,36,186,7,3
2020,Mazda,MX-5 (SIL),Two-seater,2.0,4,M6,Z,9.0,7.0,8.1,35,189,6,3
2020,Mercedes-Benz,A 220 4MATIC ,Subcompact,2.0,4,AM7,Z,9.8,7.0,8.6,33,201,6,5
2020,Mercedes-Benz,A 250 4MATIC Hatch,Station wagon: Small,2.0,4,AM7,Z,9.4,6.9,8.3,34,195,6,5
2020,Mercedes-Benz,AMG A 35 4MATIC,Subcompact,2.0,4,AM7,Z,9.9,7.5,8.9,32,207,6,5
2020,Mercedes-Benz,AMG A 35 4MATIC Hatch,Station wagon: Small,2.0,4,AM7,Z,10.3,7.9,9.2,31,215,5,5
2020,Mercedes-Benz,AMG C 43 4MATIC,Compact,3.0,6,A9,Z,12.4,8.7,10.7,26,253,4,5
2020,Mercedes-Benz,AMG C 43 4MATIC Cabriolet,Subcompact,3.0,6,A9,Z,12.7,9.2,11.2,25,263,4,5
2020,Mercedes-Benz,AMG C 43 4MATIC Coupe,Subcompact,3.0,6,A9,Z,12.5,8.8,10.8,26,255,4,5
2020,Mercedes-Benz,AMG C 43 4MATIC Wagon,Station wagon: Small,3.0,6,A9,Z,12.4,8.9,10.8,26,255,4,5
2020,Mercedes-Benz,AMG C 63,Compact,4.0,8,A9,Z,13.2,8.7,11.2,25,263,4,3
2020,Mercedes-Benz,AMG C 63 S,Compact,4.0,8,A9,Z,13.2,8.7,11.2,25,263,4,3
2020,Mercedes-Benz,AMG C 63 S Cabriolet,Subcompact,4.0,8,A9,Z,13.9,9.7,12.0,24,282,4,3
2020,Mercedes-Benz,AMG C 63 S Coupe,Subcompact,4.0,8,A9,Z,13.9,9.2,11.8,24,277,4,3
2020,Mercedes-Benz,AMG CLA 35 4MATIC ,Compact,2.0,4,AM7,Z,10.4,8.3,9.4,30,218,5,5
2020,Mercedes-Benz,AMG CLA 45 4MATIC ,Compact,2.0,4,AM8,Z,11.7,8.1,10.1,28,237,5,3
2020,Mercedes-Benz,AMG CLS 53 4MATIC+,Compact,3.0,6,A9,Z,11.1,8.7,10.0,28,235,5,6
2020,Mercedes-Benz,AMG E 53 4MATIC+,Mid-size,3.0,6,A9,Z,11.2,8.3,9.9,29,232,5,6
2020,Mercedes-Benz,AMG E 53 4MATIC+ Cabriolet,Subcompact,3.0,6,A9,Z,11.5,9.0,10.4,27,245,5,6
2020,Mercedes-Benz,AMG E 53 4MATIC+ Coupe,Subcompact,3.0,6,A9,Z,11.3,8.5,10.1,28,237,5,6
2020,Mercedes-Benz,AMG E 53 4MATIC+ Wagon,Station wagon: Mid-size,3.0,6,A9,Z,11.5,8.6,10.2,28,239,5,6
2020,Mercedes-Benz,AMG E 63 S 4MATIC+,Mid-size,4.0,8,A9,Z,16.0,10.5,13.5,21,318,3,3
2020,Mercedes-Benz,AMG E 63 S 4MATIC+ Wagon,Station wagon: Mid-size,4.0,8,A9,Z,14.6,10.4,12.7,22,299,3,3
2020,Mercedes-Benz,AMG G 63,Sport utility vehicle: Standard,4.0,8,A9,Z,18.1,15.6,17.0,17,396,1,3
2020,Mercedes-Benz,AMG GLC 43 4MATIC,Sport utility vehicle: Small,3.0,6,A9,Z,13.0,9.8,11.6,24,271,4,5
2020,Mercedes-Benz,AMG GLC 43 4MATIC Coupe,Sport utility vehicle: Small,3.0,6,A9,Z,13.0,9.8,11.6,24,272,4,5
2020,Mercedes-Benz,AMG GLC 63 S 4MATIC+,Sport utility vehicle: Small,4.0,8,A9,Z,15.0,10.9,13.2,21,309,3,5
2020,Mercedes-Benz,AMG GLC 63 S 4MATIC+ Coupe,Sport utility vehicle: Small,4.0,8,A9,Z,15.0,10.9,13.2,21,309,3,5
2020,Mercedes-Benz,AMG GLE 53 4MATIC+,Sport utility vehicle: Standard,3.0,6,A9,Z,13.2,10.8,12.1,23,285,3,6
2020,Mercedes-Benz,AMG GT 53 4MATIC+ ,Compact,3.0,6,A9,Z,12.4,9.8,11.2,25,264,4,6
2020,Mercedes-Benz,AMG GT 63 4MATIC+ ,Compact,4.0,8,A9,Z,15.5,11.5,13.7,21,323,3,5
2020,Mercedes-Benz,AMG GT 63 S 4MATIC+ ,Compact,4.0,8,A9,Z,15.6,11.5,13.7,21,324,3,5
2020,Mercedes-Benz,AMG GT C Coupe,Two-seater,4.0,8,AM7,Z,15.2,11.3,13.5,21,315,3,3
2020,Mercedes-Benz,AMG GT C Roadster,Two-seater,4.0,8,AM7,Z,15.8,11.7,14.0,20,326,3,3
2020,Mercedes-Benz,AMG GT R Coupe,Two-seater,4.0,8,AM7,Z,15.9,11.8,14.0,20,327,3,3
2020,Mercedes-Benz,AMG GT R Roadster,Two-seater,4.0,8,AM7,Z,15.9,11.8,14.0,20,327,3,3
2020,Mercedes-Benz,AMG S 63 4MATIC+,Full-size,4.0,8,A9,Z,14.1,8.9,11.8,24,275,4,5
2020,Mercedes-Benz,AMG S 63 4MATIC+ Cabriolet,Subcompact,4.0,8,A9,Z,15.8,9.8,13.1,22,306,3,5
2020,Mercedes-Benz,AMG S 63 4MATIC+ Coupe,Compact,4.0,8,A9,Z,14.0,8.7,11.6,24,271,4,5
2020,Mercedes-Benz,AMG S 65,Full-size,6.0,12,A7,Z,18.6,10.9,15.1,19,356,2,3
2020,Mercedes-Benz,AMG SLC 43 ,Two-seater,3.0,6,A9,Z,11.8,8.2,10.2,28,238,5,5
2020,Mercedes-Benz,C 300 4MATIC,Compact,2.0,4,A9,Z,11.0,7.3,9.4,30,219,5,6
2020,Mercedes-Benz,C 300 4MATIC Cabriolet,Subcompact,2.0,4,A9,Z,11.3,8.1,9.9,29,231,5,6
2020,Mercedes-Benz,C 300 4MATIC Coupe,Subcompact,2.0,4,A9,Z,10.9,7.7,9.5,30,221,5,6
2020,Mercedes-Benz,C 300 4MATIC Wagon,Station wagon: Small,2.0,4,A9,Z,10.9,7.7,9.5,30,221,5,6
2020,Mercedes-Benz,CLA 250 4MATIC ,Compact,2.0,4,AM7,Z,10.1,7.2,8.8,32,204,6,5
2020,Mercedes-Benz,CLS 450 4MATIC,Compact,3.0,6,A9,Z,10.1,7.9,9.1,31,213,5,6
2020,Mercedes-Benz,E 350 4MATIC,Mid-size,2.0,4,A9,Z,10.8,7.8,9.4,30,220,5,6
2020,Mercedes-Benz,E 450 4MATIC,Mid-size,3.0,6,A9,Z,11.8,8.5,10.4,27,243,5,5
2020,Mercedes-Benz,E 450 4MATIC Cabriolet,Subcompact,3.0,6,A9,Z,12.7,10.1,11.6,24,271,4,5
2020,Mercedes-Benz,E 450 4MATIC Coupe,Subcompact,3.0,6,A9,Z,12.5,9.1,11.0,26,257,4,5
2020,Mercedes-Benz,E 450 4MATIC Wagon,Station wagon: Mid-size,3.0,6,A9,Z,12.3,8.9,10.8,26,254,4,5
2020,Mercedes-Benz,G 550,Sport utility vehicle: Standard,4.0,8,A9,Z,18.0,14.1,16.3,17,378,2,3
2020,Mercedes-Benz,GLA 250 4MATIC,Sport utility vehicle: Small,2.0,4,AM7,Z,10.2,7.5,9.0,31,211,5,5
2020,Mercedes-Benz,GLB 250 4MATIC,Sport utility vehicle: Small,2.0,4,AM8,Z,10.1,7.7,9.0,31,210,5,6
2020,Mercedes-Benz,GLC 300 4MATIC,Sport utility vehicle: Small,2.0,4,A9,Z,11.2,8.5,10.0,28,234,5,6
2020,Mercedes-Benz,GLC 300 4MATIC Coupe,Sport utility vehicle: Small,2.0,4,A9,Z,11.2,8.7,10.0,28,236,5,6
2020,Mercedes-Benz,GLE 350 4MATIC,Sport utility vehicle: Standard,2.0,4,A9,Z,12.1,8.8,10.6,27,249,4,5
2020,Mercedes-Benz,GLE 450 4MATIC,Sport utility vehicle: Standard,3.0,6,A9,Z,12.1,9.9,11.1,25,262,4,6
2020,Mercedes-Benz,GLS 450 4MATIC,Sport utility vehicle: Standard,3.0,6,A9,Z,12.2,10.4,11.4,25,266,4,6
2020,Mercedes-Benz,GLS 580 4MATIC,Sport utility vehicle: Standard,4.0,8,A9,Z,14.3,11.4,13.0,22,302,3,5
2020,Mercedes-Benz,Maybach S 560 4MATIC,Full-size,4.0,8,A9,Z,14.4,9.5,12.2,23,286,3,5
2020,Mercedes-Benz,Maybach S 650,Full-size,6.0,12,A7,Z,18.4,11.1,15.1,19,355,2,3
2020,Mercedes-Benz,Metris Cargo,Special purpose vehicle,2.0,4,A7,Z,11.1,9.8,10.5,27,247,4,5
2020,Mercedes-Benz,Metris Cargo LWB,Special purpose vehicle,2.0,4,A7,Z,11.1,9.7,10.5,27,246,5,5
2020,Mercedes-Benz,Metris Passenger,Special purpose vehicle,2.0,4,A7,Z,11.8,9.9,11.0,26,257,4,5
2020,Mercedes-Benz,S 450 4MATIC SWB,Mid-size,3.0,6,A9,Z,12.8,8.5,10.8,26,253,4,3
2020,Mercedes-Benz,S 560 4MATIC SWB,Mid-size,4.0,8,A9,Z,13.7,8.8,11.5,25,268,4,5
2020,Mercedes-Benz,S 560 4MATIC,Full-size,4.0,8,A9,Z,13.5,8.6,11.3,25,265,4,5
2020,Mercedes-Benz,S 560 Cabriolet,Subcompact,4.0,8,A9,Z,13.8,9.1,11.7,24,273,4,5
2020,Mercedes-Benz,S 560 4MATIC Coupe,Compact,4.0,8,A9,Z,13.8,8.8,11.5,25,270,4,5
2020,Mercedes-Benz,SL 450 ,Two-seater,3.0,6,A9,Z,12.1,8.5,10.5,27,241,5,3
2020,Mercedes-Benz,SL 550,Two-seater,4.7,8,A9,Z,13.5,9.3,11.6,24,270,4,3
2020,Mercedes-Benz,SLC 300,Two-seater,2.0,4,A9,Z,10.1,7.3,8.8,32,206,6,3
2020,MINI,Cooper 3 Door,Subcompact,1.5,3,AM7,Z,8.3,6.4,7.5,38,174,7,7
2020,MINI,Cooper 5 Door,Subcompact,1.5,3,AM7,Z,8.3,6.4,7.5,38,174,7,7
2020,MINI,Cooper Clubman ALL4,Mid-size,1.5,3,AS8,Z,9.7,7.0,8.5,33,197,6,7
2020,MINI,Cooper Convertible,Minicompact,1.5,3,AM7,Z,8.3,6.4,7.5,38,174,7,7
2020,MINI,Cooper Countryman ALL4,Mid-size,1.5,3,AS8,Z,9.8,7.1,8.6,33,200,6,7
2020,MINI,Cooper S 3 Door,Subcompact,2.0,4,AM7,Z,8.9,6.6,7.9,36,184,7,7
2020,MINI,Cooper S 5 Door,Subcompact,2.0,4,AM7,Z,8.9,6.6,7.9,36,184,7,7
2020,MINI,Cooper S Clubman ALL4,Mid-size,2.0,4,AS8,Z,10.2,7.4,8.9,32,207,6,7
2020,MINI,Cooper S Convertible,Minicompact,2.0,4,AM7,Z,9.2,6.9,8.1,35,191,6,7
2020,MINI,Cooper S Countryman ALL4,Mid-size,2.0,4,AS8,Z,10.4,7.5,9.1,31,212,5,7
2020,MINI,John Cooper Works 3 Door,Subcompact,2.0,4,AS8,Z,9.2,6.9,8.1,35,190,6,7
2020,MINI,John Cooper Works Clubman ALL4,Mid-size,2.0,4,AS8,Z,10.1,7.6,9.0,31,210,5,3
2020,MINI,John Cooper Works Convertible,Minicompact,2.0,4,AS8,Z,9.4,7.1,8.3,34,194,6,7
2020,MINI,John Cooper Works Countryman ALL4,Mid-size,2.0,4,AS8,Z,10.0,7.8,9.0,31,210,5,3
2020,Mitsubishi,Eclipse Cross 4WD,Sport utility vehicle: Small,1.5,4,AV8,X,9.6,8.9,9.3,30,216,5,5
2020,Mitsubishi,Mirage,Compact,1.2,3,AV,X,6.6,5.6,6.2,46,143,9,5
2020,Mitsubishi,Mirage,Compact,1.2,3,M5,X,7.1,5.8,6.5,43,151,8,5
2020,Mitsubishi,Outlander 4WD,Sport utility vehicle: Small,2.4,4,AV6,X,9.9,8.1,9.1,31,212,5,5
2020,Mitsubishi,Outlander 4WD,Sport utility vehicle: Small,3.0,6,A6,Z,12.0,8.8,10.6,27,246,4,5
2020,Mitsubishi,RVR,Sport utility vehicle: Small,2.0,4,AV6,X,9.7,7.8,8.8,32,206,6,5
2020,Mitsubishi,RVR 4WD,Sport utility vehicle: Small,2.0,4,AV6,X,10.1,8.2,9.2,31,213,5,5
2020,Mitsubishi,RVR 4WD,Sport utility vehicle: Small,2.4,4,AV6,X,10.3,8.3,9.4,30,218,5,5
2020,Nissan,370Z,Two-seater,3.7,6,AS7,Z,12.6,9.3,11.1,25,261,4,3
2020,Nissan,370Z,Two-seater,3.7,6,M6,Z,13.3,9.3,11.5,25,270,4,3
2020,Nissan,370Z Roadster,Two-seater,3.7,6,AS7,Z,13.0,9.7,11.5,25,271,4,3
2020,Nissan,370Z Roadster,Two-seater,3.7,6,M6,Z,13.6,9.7,11.8,24,279,4,3
2020,Nissan,Altima AWD,Mid-size,2.5,4,AV,X,9.1,6.5,7.9,36,186,7,7
2020,Nissan,Altima AWD SR/Platinum,Mid-size,2.5,4,AV,X,9.3,6.7,8.1,35,190,6,7
2020,Nissan,Armada 4WD,Sport utility vehicle: Standard,5.6,8,AS7,X,17.5,12.9,15.4,18,362,2,3
2020,Nissan,Frontier,Pickup truck: Standard,3.8,6,AS9,X,13.1,9.8,11.6,24,273,4,5
2020,Nissan,Frontier 4WD,Pickup truck: Standard,3.8,6,AS9,X,13.8,10.2,12.2,23,287,3,5
2020,Nissan,GT-R,Subcompact,3.8,6,AM6,Z,14.4,10.9,12.8,22,300,3,3
2020,Nissan,Kicks,Mid-size,1.6,4,AV,X,7.7,6.6,7.2,39,169,7,7
2020,Nissan,Maxima,Mid-size,3.5,6,AV7,Z,11.6,7.9,9.9,29,233,5,3
2020,Nissan,Murano,Station wagon: Mid-size,3.5,6,AV7,X,11.7,8.3,10.2,28,240,5,5
2020,Nissan,Murano AWD,Station wagon: Mid-size,3.5,6,AV7,X,11.7,8.5,10.3,27,242,5,5
2020,Nissan,NV200 Cargo Van,Special purpose vehicle,2.0,4,AV,X,9.8,8.8,9.3,30,218,5,3
2020,Nissan,Qashqai,Station wagon: Small,2.0,4,AV8,X,8.8,7.4,8.2,34,192,6,5
2020,Nissan,Qashqai,Station wagon: Small,2.0,4,M6,X,10.1,8.2,9.2,31,217,5,5
2020,Nissan,Qashqai AWD,Station wagon: Small,2.0,4,AV8,X,9.0,7.7,8.4,34,198,6,5
2020,Nissan,Pathfinder,Sport utility vehicle: Small,3.5,6,AV,X,11.6,8.5,10.2,28,240,5,5
2020,Nissan,Pathfinder 4WD,Sport utility vehicle: Small,3.5,6,AV,X,12.1,8.9,10.7,26,251,4,5
2020,Nissan,Pathfinder 4WD Platinum,Sport utility vehicle: Small,3.5,6,AV,X,12.4,9.2,11.0,26,257,4,3
2020,Nissan,Rogue,Sport utility vehicle: Small,2.5,4,AV,X,9.1,7.1,8.2,34,192,6,7
2020,Nissan,Rogue AWD,Sport utility vehicle: Small,2.5,4,AV,X,9.6,7.5,8.7,32,204,6,7
2020,Nissan,Sentra,Mid-size,2.0,4,AV,X,8.0,6.0,7.1,40,167,7,7
2020,Nissan,Sentra SR,Mid-size,2.0,4,AV,X,8.2,6.2,7.3,39,171,7,7
2020,Nissan,Sentra,Mid-size,2.0,4,M6,X,9.4,6.4,8.0,35,188,6,7
2020,Nissan,Titan 4WD,Pickup truck: Standard,5.6,8,AS9,Z,15.1,11.1,13.3,21,313,3,5
2020,Nissan,Titan 4WD Pro-4X,Pickup truck: Standard,5.6,8,AS9,Z,15.1,11.2,13.3,21,313,3,5
2020,Nissan,Versa,Compact,1.6,4,AV,X,7.4,5.9,6.7,42,158,8,7
2020,Nissan,Versa,Compact,1.6,4,M5,X,8.6,6.7,7.7,37,181,7,7
2020,Porsche,718 Boxster,Two-seater,2.0,4,AM7,Z,11.0,8.7,10.0,28,233,5,1
2020,Porsche,718 Boxster,Two-seater,2.0,4,M6,Z,11.7,8.9,10.5,27,245,5,1
2020,Porsche,718 Boxster T,Two-seater,2.0,4,AM7,Z,11.2,8.7,10.1,28,236,5,1
2020,Porsche,718 Boxster T,Two-seater,2.0,4,M6,Z,11.7,8.9,10.5,27,245,5,1
2020,Porsche,718 Boxster S,Two-seater,2.5,4,AM7,Z,12.2,9.2,10.9,26,255,4,1
2020,Porsche,718 Boxster S,Two-seater,2.5,4,M6,Z,12.5,9.6,11.2,25,263,4,1
2020,Porsche,718 Cayman,Two-seater,2.0,4,AM7,Z,11.0,8.7,10.0,28,233,5,1
2020,Porsche,718 Cayman,Two-seater,2.0,4,M6,Z,11.7,8.9,10.5,27,245,5,1
2020,Porsche,718 Cayman T,Two-seater,2.0,4,AM7,Z,11.2,8.7,10.1,28,236,5,1
2020,Porsche,718 Cayman T,Two-seater,2.0,4,M6,Z,11.7,8.9,10.5,27,245,5,1
2020,Porsche,718 Cayman S,Two-seater,2.5,4,AM7,Z,12.2,9.2,10.9,26,255,4,1
2020,Porsche,718 Cayman S,Two-seater,2.5,4,M6,Z,12.5,9.6,11.2,25,263,4,1
2020,Porsche,718 Cayman GT4,Two-seater,4.0,6,M6,Z,14.3,10.4,12.5,23,294,3,3
2020,Porsche,718 Spyder,Two-seater,4.0,6,M6,Z,14.3,10.4,12.5,23,294,3,3
2020,Porsche,911 Carrera,Minicompact,3.0,6,AM8,Z,13.1,9.8,11.6,24,273,4,5
2020,Porsche,911 Carrera 4,Minicompact,3.0,6,AM8,Z,13.1,9.8,11.6,24,275,4,5
2020,Porsche,911 Carrera Cabriolet,Minicompact,3.0,6,AM8,Z,13.6,10.0,12.0,24,282,4,5
2020,Porsche,911 Carrera 4 Cabriolet,Minicompact,3.0,6,AM8,Z,13.1,9.7,11.6,24,275,4,5
2020,Porsche,911 Carrera S,Minicompact,3.0,6,AM8,Z,13.1,9.7,11.5,25,276,4,5
2020,Porsche,911 Carrera S,Minicompact,3.0,6,M7,Z,13.8,9.3,11.8,24,275,4,5
2020,Porsche,911 Carrera 4S,Minicompact,3.0,6,AM8,Z,13.1,10.2,11.8,24,277,4,5
2020,Porsche,911 Carrera 4S,Minicompact,3.0,6,M7,Z,13.8,9.8,12.0,24,275,4,5
2020,Porsche,911 Carrera S Cabriolet,Minicompact,3.0,6,AM8,Z,12.7,10.2,11.6,24,276,4,5
2020,Porsche,911 Carrera S Cabriolet,Minicompact,3.0,6,M7,Z,13.8,9.3,11.8,24,275,4,5
2020,Porsche,911 Carrera 4S Cabriolet,Minicompact,3.0,6,AM8,Z,13.1,10.2,11.8,24,277,4,5
2020,Porsche,911 Carrera 4S Cabriolet,Minicompact,3.0,6,M7,Z,13.8,9.7,12.0,24,280,4,5
2020,Porsche,Cayenne,Sport utility vehicle: Standard,3.0,6,AS8,Z,12.5,10.3,11.5,25,269,4,5
2020,Porsche,Cayenne Coupe,Sport utility vehicle: Standard,3.0,6,AS8,Z,12.7,10.3,11.6,24,271,4,5
2020,Porsche,Cayenne S,Sport utility vehicle: Standard,2.9,6,AS8,Z,13.1,10.5,11.9,24,278,4,5
2020,Porsche,Cayenne S Coupe,Sport utility vehicle: Standard,2.9,6,AS8,Z,13.4,10.9,12.3,23,286,3,5
2020,Porsche,Cayenne Turbo,Sport utility vehicle: Standard,4.0,8,AS8,Z,15.6,12.4,14.1,20,329,3,3
2020,Porsche,Cayenne Turbo Coupe,Sport utility vehicle: Standard,4.0,8,AS8,Z,15.8,12.2,14.2,20,332,3,3
2020,Porsche,Macan,Sport utility vehicle: Small,2.0,4,AM7,Z,12.2,10.2,11.3,25,265,4,5
2020,Porsche,Macan S,Sport utility vehicle: Small,3.0,6,AM7,Z,12.9,10.2,11.7,24,272,4,5
2020,Porsche,Macan GTS,Sport utility vehicle: Small,2.9,6,AM7,Z,13.5,10.5,12.2,23,285,3,5
2020,Porsche,Macan Turbo,Sport utility vehicle: Small,2.9,6,AM7,Z,13.5,10.7,12.3,23,288,3,5
2020,Porsche,Panamera,Full-size,3.0,6,AM8,Z,12.4,8.7,10.7,26,250,4,5
2020,Porsche,Panamera 4,Full-size,3.0,6,AM8,Z,12.4,9.0,10.9,26,253,4,5
2020,Porsche,Panamera 4 Executive,Full-size,3.0,6,AM8,Z,12.4,9.0,10.9,26,253,4,5
2020,Porsche,Panamera 4 ST,Full-size,3.0,6,AM8,Z,12.2,8.9,10.7,26,250,4,5
2020,Porsche,Panamera 4S,Full-size,2.9,6,AM8,Z,13.1,8.9,11.2,25,260,4,5
2020,Porsche,Panamera 4S Executive,Full-size,2.9,6,AM8,Z,13.1,8.9,11.2,25,260,4,5
2020,Porsche,Panamera 4S ST,Full-size,2.9,6,AM8,Z,13.1,9.8,11.6,24,273,4,5
2020,Porsche,Panamera GTS,Full-size,4.0,8,AM8,Z,14.5,10.2,12.6,22,295,3,3
2020,Porsche,Panamera GTS ST,Full-size,4.0,8,AM8,Z,15.7,10.5,13.4,21,313,3,3
2020,Porsche,Panamera Turbo,Full-size,4.0,8,AM8,Z,12.8,9.2,11.2,25,261,4,3
2020,Porsche,Panamera Turbo Executive,Full-size,4.0,8,AM8,Z,12.8,9.2,11.2,25,261,4,3
2020,Porsche,Panamera Turbo ST,Full-size,4.0,8,AM8,Z,13.4,10.1,11.9,24,279,4,3
2020,Ram,1500 EcoDiesel,Pickup truck: Standard,3.0,6,A8,D,10.5,7.3,9.0,31,243,5,1
2020,Ram,1500 eTorque,Pickup truck: Standard,3.6,6,A8,X,11.9,9.4,10.8,26,253,4,5
2020,Ram,1500 HFE eTorque,Pickup truck: Standard,3.6,6,A8,X,11.6,9.0,10.4,27,245,5,5
2020,Ram,1500,Pickup truck: Standard,5.7,8,A8,X,16.2,10.5,13.6,21,320,3,3
2020,Ram,1500 eTorque,Pickup truck: Standard,5.7,8,A8,X,14.1,10.3,12.4,23,290,3,3
2020,Ram,1500 4X4 EcoDiesel,Pickup truck: Standard,3.0,6,A8,D,11.1,8.0,9.7,29,260,4,1
2020,Ram,1500 4X4 eTorque,Pickup truck: Standard,3.6,6,A8,X,12.2,9.7,11.1,25,260,4,5
2020,Ram,1500 4X4,Pickup truck: Standard,5.7,8,A8,X,16.1,11.0,13.8,20,325,3,3
2020,Ram,1500 4X4 eTorque,Pickup truck: Standard,5.7,8,A8,X,14.2,10.9,12.8,22,299,3,3
2020,Ram,1500 Classic,Pickup truck: Standard,3.6,6,A8,X,13.9,9.6,11.9,24,280,4,3
2020,Ram,1500 Classic,Pickup truck: Standard,5.7,8,A8,X,15.7,11.0,13.6,21,319,3,3
2020,Ram,1500 Classic 4X4,Pickup truck: Standard,3.6,6,A8,X,14.5,10.2,12.6,22,294,3,3
2020,Ram,1500 Classic 4X4,Pickup truck: Standard,5.7,8,A8,X,16.2,11.6,14.1,20,330,3,3
2020,Ram,ProMaster City,Special purpose vehicle,2.4,4,A9,X,11.2,8.3,9.9,29,232,5,6
2020,Rolls-Royce,Cullinan,Station wagon: Mid-size,6.7,12,AS8,Z,20.1,12.1,16.5,17,386,1,3
2020,Rolls-Royce,Cullinan Black Badge,Station wagon: Mid-size,6.7,12,AS8,Z,20.1,12.1,16.5,17,386,1,3
2020,Rolls-Royce,Dawn,Compact,6.6,12,AS8,Z,20.4,13.1,17.1,17,400,1,3
2020,Rolls-Royce,Dawn Black Badge,Compact,6.6,12,AS8,Z,20.4,13.1,17.1,17,400,1,3
2020,Rolls-Royce,Ghost,Full-size,6.6,12,AS8,Z,20.4,13.1,17.1,17,400,1,3
2020,Rolls-Royce,Ghost EWB,Full-size,6.6,12,AS8,Z,20.4,13.1,17.1,17,400,1,3
2020,Rolls-Royce,Phantom,Full-size,6.7,12,AS8,Z,20.0,11.8,16.3,17,382,1,3
2020,Rolls-Royce,Phantom EWB,Full-size,6.7,12,AS8,Z,20.0,11.8,16.3,17,382,1,3
2020,Rolls-Royce,Wraith,Mid-size,6.6,12,AS8,Z,19.6,12.8,16.5,17,387,1,3
2020,Rolls-Royce,Wraith Black Badge,Mid-size,6.6,12,AS8,Z,19.6,12.8,16.5,17,387,1,3
2020,Subaru,Ascent AWD,Sport utility vehicle: Standard,2.4,4,AV8,X,11.6,9.0,10.4,27,244,5,3
2020,Subaru,BRZ,Minicompact,2.0,4,AS6,Z,9.7,7.2,8.6,33,200,6,1
2020,Subaru,BRZ,Minicompact,2.0,4,M6,Z,11.2,8.2,9.9,29,231,5,1
2020,Subaru,BRZ tS,Minicompact,2.0,4,M6,Z,11.6,8.6,10.2,28,239,5,1
2020,Subaru,Crosstrek AWD,Sport utility vehicle: Small,2.0,4,AV8,X,8.5,7.0,7.9,36,185,7,6
2020,Subaru,Crosstrek AWD,Sport utility vehicle: Small,2.0,4,M6,X,10.5,8.1,9.4,30,220,5,6
2020,Subaru,Forester AWD,Sport utility vehicle: Small,2.5,4,AV7,X,9.0,7.2,8.2,34,192,6,6
2020,Subaru,Impreza 4-Door AWD,Mid-size,2.0,4,AV7,X,8.3,6.4,7.5,38,174,7,6
2020,Subaru,Impreza 4-Door AWD,Mid-size,2.0,4,M5,X,10.1,7.6,9.0,31,210,5,6
2020,Subaru,Impreza 5-Door AWD,Station wagon: Small,2.0,4,AV7,X,8.4,6.6,7.6,37,178,7,6
2020,Subaru,Impreza 5-Door AWD,Station wagon: Small,2.0,4,M5,X,10.1,7.7,9.0,31,211,5,6
2020,Subaru,Legacy AWD,Full-size,2.4,4,AV8,X,9.9,7.3,8.7,32,205,6,3
2020,Subaru,Legacy AWD,Full-size,2.5,4,AV8,X,8.8,6.7,7.9,36,185,7,6
2020,Subaru,Outback AWD,Sport utility vehicle: Small,2.4,4,AV8,X,10.1,7.9,9.1,31,213,5,3
2020,Subaru,Outback AWD,Sport utility vehicle: Small,2.5,4,AV8,X,9.0,7.1,8.2,34,192,6,6
2020,Subaru,WRX AWD,Compact,2.0,4,AV8,Z,12.9,9.7,11.5,25,263,4,1
2020,Subaru,WRX AWD,Compact,2.0,4,M6,Z,11.3,8.5,10.1,28,236,5,1
2020,Subaru,WRX STI AWD,Compact,2.5,4,M6,Z,14.3,10.8,12.7,22,297,3,1
2020,Toyota,4Runner 4WD,Sport utility vehicle: Standard,4.0,6,AS5,X,14.8,12.5,13.8,20,321,3,5
2020,Toyota,4Runner 4WD (Part-Time 4WD),Sport utility vehicle: Standard,4.0,6,AS5,X,14.8,12.5,13.8,20,321,3,5
2020,Toyota,86,Minicompact,2.0,4,AS6,Z,9.9,7.3,8.7,32,204,6,1
2020,Toyota,86,Minicompact,2.0,4,M6,Z,11.2,8.3,9.9,29,232,5,1
2020,Toyota,Avalon,Mid-size,3.5,6,AS8,X,10.9,7.6,9.4,30,220,5,5
2020,Toyota,C-HR,Compact,2.0,4,AS7,X,8.7,7.5,8.2,34,189,6,3
2020,Toyota,Camry,Mid-size,2.5,4,AS8,X,8.1,5.7,6.9,41,164,8,7
2020,Toyota,Camry LE/SE,Mid-size,2.5,4,AS8,X,8.5,6.1,7.4,38,173,7,7
2020,Toyota,Camry XLE/XSE,Mid-size,2.5,4,AS8,X,8.6,6.3,7.6,37,177,7,7
2020,Toyota,Camry,Mid-size,3.5,6,AS8,X,10.5,7.1,9.0,31,210,5,5
2020,Toyota,Camry XSE,Mid-size,3.5,6,AS8,X,10.7,7.4,9.2,31,215,5,5
2020,Toyota,Camry TRD,Mid-size,3.5,6,AS8,X,10.8,7.6,9.4,30,220,5,5
2020,Toyota,Camry AWD LE/SE,Mid-size,2.5,4,AS8,X,9.3,6.8,8.2,34,190,6,6
2020,Toyota,Camry AWD XLE/XSE,Mid-size,2.5,4,AS8,X,9.5,7.0,8.4,34,197,6,6
2020,Toyota,Camry Hybrid LE,Mid-size,2.5,4,AV,X,4.9,4.8,4.9,58,113,10,7
2020,Toyota,Camry Hybrid XLE/SE,Mid-size,2.5,4,AV,X,5.3,5.0,5.1,55,121,10,7
2020,Toyota,Corolla,Compact,1.8,4,AV,X,7.9,6.1,7.1,40,165,7,5
2020,Toyota,Corolla XLE,Compact,1.8,4,AV,X,8.1,6.3,7.3,39,170,7,5
2020,Toyota,Corolla,Compact,1.8,4,M6,X,8.0,6.0,7.1,40,165,7,5
2020,Toyota,Corolla,Compact,2.0,4,AV10,X,7.6,5.8,6.7,42,158,8,6
2020,Toyota,Corolla XSE,Compact,2.0,4,AV10,X,7.7,6.1,7.0,40,164,8,6
2020,Toyota,Corolla,Compact,2.0,4,M6,X,8.2,6.5,7.4,38,173,7,6
2020,Toyota,Corolla Hatchback,Compact,2.0,4,AV10,X,7.5,5.8,6.7,42,158,8,6
2020,Toyota,Corolla Hatchback,Compact,2.0,4,M6,X,8.4,6.3,7.5,38,174,7,6
2020,Toyota,Corolla Hybrid,Compact,1.8,4,AV,X,4.4,4.5,4.5,63,106,10,7
2020,Toyota,GR Supra,Two-seater,3.0,6,AS8,Z,9.9,7.7,8.9,32,208,6,3
2020,Toyota,Highlander,Sport utility vehicle: Small,3.5,6,AS8,X,11.9,8.3,10.3,27,240,5,5
2020,Toyota,Highlander AWD,Sport utility vehicle: Small,3.5,6,AS8,X,11.7,8.6,10.3,27,240,5,5
2020,Toyota,Highlander Hybrid AWD,Sport utility vehicle: Standard,2.5,4,AV,X,6.7,6.8,6.7,42,158,8,7
2020,Toyota,Highlander Hybrid AWD Limited/Platinum,Sport utility vehicle: Standard,2.5,4,AV,X,6.6,6.8,6.7,42,156,8,7
2020,Toyota,Prius,Mid-size,1.8,4,AV,X,4.4,4.7,4.5,63,106,10,7
2020,Toyota,Prius AWD,Mid-size,1.8,4,AV,X,4.5,4.9,4.7,60,109,10,7
2020,Toyota,Prius c,Compact,1.5,4,AV,X,4.9,5.5,5.1,55,120,10,7
2020,Toyota,RAV4,Sport utility vehicle: Small,2.5,4,AS8,X,8.8,6.8,7.9,36,184,7,6
2020,Toyota,RAV4 AWD,Sport utility vehicle: Small,2.5,4,AS8,X,9.2,7.1,8.2,34,194,6,6
2020,Toyota,RAV4 AWD TRD Off-Road,Sport utility vehicle: Small,2.5,4,AS8,X,9.5,7.5,8.6,33,200,6,6
2020,Toyota,RAV4 Hybrid AWD,Sport utility vehicle: Small,2.5,4,AV,X,5.7,6.3,6.0,47,139,9,7
2020,Toyota,Sequoia 4WD,Sport utility vehicle: Standard,5.7,8,AS6,X,18.5,13.9,16.4,17,385,1,5
2020,Toyota,Sienna,Minivan,3.5,6,AS8,X,12.6,9.1,11.0,26,259,4,5
2020,Toyota,Sienna AWD,Minivan,3.5,6,AS8,X,13.4,9.6,11.7,24,274,4,5
2020,Toyota,Tacoma,Pickup truck: Small,2.7,4,AS6,X,12.1,10.1,11.2,25,263,4,5
2020,Toyota,Tacoma 4WD,Pickup truck: Small,2.7,4,AS6,X,12.7,10.6,11.7,24,274,4,5
2020,Toyota,Tacoma 4WD,Pickup truck: Small,3.5,6,AS6,X,13.0,10.5,11.9,24,278,4,5
2020,Toyota,Tacoma 4WD,Pickup truck: Small,3.5,6,M6,X,13.8,11.4,12.7,22,299,3,5
2020,Toyota,Tacoma 4WD D-Cab TRD Off-Road/Pro,Pickup truck: Small,3.5,6,M6,X,13.8,11.7,12.9,22,300,3,5
2020,Toyota,Tundra,Pickup truck: Standard,5.7,8,AS6,X,17.7,13.6,15.9,18,371,2,5
2020,Toyota,Tundra 4WD,Pickup truck: Standard,5.7,8,AS6,X,18.0,14.2,16.3,17,381,1,5
2020,Toyota,Yaris,Compact,1.5,4,AS6,X,7.3,5.9,6.6,43,155,8,3
2020,Toyota,Yaris (SIL),Compact,1.5,4,M6,X,7.8,6.1,6.9,41,165,8,3
2020,Volkswagen,Arteon 4MOTION,Full-size,2.0,4,AS8,Z,11.5,8.2,10.0,28,234,5,3
2020,Volkswagen,Atlas Cross Sport 4MOTION,Sport utility vehicle: Small,2.0,4,AS8,X,12.8,10.4,11.7,24,273,4,3
2020,Volkswagen,Atlas Cross Sport 4MOTION,Sport utility vehicle: Small,3.6,6,AS8,X,14.3,10.7,12.7,22,297,3,5
2020,Volkswagen,Golf,Compact,1.4,4,AS8,X,8.1,6.6,7.4,38,174,7,7
2020,Volkswagen,Golf,Compact,1.4,4,M6,X,8.4,6.6,7.6,37,177,7,7
2020,Volkswagen,Golf GTI,Compact,2.0,4,AM7,X,9.7,7.5,8.7,32,203,6,7
2020,Volkswagen,Golf GTI,Compact,2.0,4,M6,X,9.8,7.3,8.7,32,203,6,7
2020,Volkswagen,Jetta,Compact,1.4,4,AS8,X,7.8,5.9,7.0,40,162,8,5
2020,Volkswagen,Jetta,Compact,1.4,4,M6,X,7.9,5.9,7.0,40,163,8,7
2020,Volkswagen,Jetta GLI,Compact,2.0,4,AM7,X,9.3,7.2,8.4,34,196,6,7
2020,Volkswagen,Jetta GLI,Compact,2.0,4,M6,X,9.6,7.1,8.5,33,198,6,7
2020,Volkswagen,Passat,Mid-size,2.0,4,AS6,X,10.2,6.9,8.7,32,205,6,7
2020,Volkswagen,Tiguan,Sport utility vehicle: Small,2.0,4,AS8,X,10.5,8.1,9.4,30,221,5,7
2020,Volkswagen,Tiguan 4MOTION,Sport utility vehicle: Small,2.0,4,AS8,X,11.5,8.7,10.2,28,241,5,7
2020,Volvo,S60 T5,Compact,2.0,4,AS8,Z,10.5,7.1,8.9,32,208,6,5
2020,Volvo,S60 T6 AWD,Compact,2.0,4,AS8,Z,11.0,7.4,9.4,30,219,5,7
2020,Volvo,S90 T6 AWD,Mid-size,2.0,4,AS8,Z,11.3,7.5,9.6,29,223,5,7
2020,Volvo,V60 T5,Station wagon: Small,2.0,4,AS8,Z,10.5,7.1,8.9,32,208,6,5
2020,Volvo,V60 T6 AWD,Station wagon: Small,2.0,4,AS8,Z,11.0,7.4,9.4,30,219,5,7
2020,Volvo,V60 CC T5 AWD,Station wagon: Small,2.0,4,AS8,Z,10.8,7.7,9.4,30,220,5,5
2020,Volvo,XC40 T4,Sport utility vehicle: Small,2.0,4,AS8,X,10.1,7.2,8.8,32,205,6,5
2020,Volvo,XC40 T4 AWD,Sport utility vehicle: Small,2.0,4,AS8,X,10.2,7.5,9.0,31,210,5,5
2020,Volvo,XC40 T5 AWD,Sport utility vehicle: Small,2.0,4,AS8,Z,10.7,7.7,9.4,30,219,5,5
2020,Volvo,XC60 T5 AWD,Sport utility vehicle: Small,2.0,4,AS8,Z,11.2,8.3,9.9,29,232,5,5
2020,Volvo,XC60 T6 AWD,Sport utility vehicle: Small,2.0,4,AS8,Z,11.7,8.6,10.3,27,240,5,7
2020,Volvo,XC90 T5 AWD,Sport utility vehicle: Standard,2.0,4,AS8,Z,11.2,8.3,9.9,29,232,5,5
2020,Volvo,XC90 T6 AWD,Sport utility vehicle: Standard,2.0,4,AS8,Z,12.2,8.7,10.7,26,248,4,7
